name,Readme
ammarahm-ed/react-native-mmkv-storage,https://raw.githubusercontent.com/ammarahm-ed/react-native-mmkv-storage/master/README.md
hopson97/minecraft-one-week-challenge,https://raw.githubusercontent.com/hopson97/minecraft-one-week-challenge/master/README.md
netwarm007/gameenginefromscratch,https://raw.githubusercontent.com/netwarm007/gameenginefromscratch/master/README.md
lbryio/lbrycrd,https://raw.githubusercontent.com/lbryio/lbrycrd/master/README.md
pfusik/cito,https://raw.githubusercontent.com/pfusik/cito/master/README.md
opencover/opencover,https://raw.githubusercontent.com/opencover/opencover/master/README.md
itinance/react-native-fs,https://raw.githubusercontent.com/itinance/react-native-fs/master/README.md
python-greenlet/greenlet,https://raw.githubusercontent.com/python-greenlet/greenlet/master/README.md
librevault/librevault,https://raw.githubusercontent.com/librevault/librevault/master/README.md
oaid/tengine,https://raw.githubusercontent.com/oaid/tengine/master/README.md
sisong/hdiffpatch,https://raw.githubusercontent.com/sisong/hdiffpatch/master/README.md
jmpews/dobby,https://raw.githubusercontent.com/jmpews/dobby/master/README.md
layoutbox/flexlayout,https://raw.githubusercontent.com/layoutbox/flexlayout/master/README.md
topjohnwu/magisk,https://raw.githubusercontent.com/topjohnwu/magisk/master/README.md
skyline-emu/skyline,https://raw.githubusercontent.com/skyline-emu/skyline/master/README.md
transmission/transmission,https://raw.githubusercontent.com/transmission/transmission/master/README.md
defold/defold,https://raw.githubusercontent.com/defold/defold/master/README.md
dmlc/cxxnet,https://raw.githubusercontent.com/dmlc/cxxnet/master/README.md
appjs/appjs,https://raw.githubusercontent.com/appjs/appjs/master/README.md
facebookarchive/webscalesql-5.6,https://raw.githubusercontent.com/facebookarchive/webscalesql-5.6/master/README.md
danielrh/losslessh264,https://raw.githubusercontent.com/danielrh/losslessh264/master/README.md
rescrv/hyperdex,https://raw.githubusercontent.com/rescrv/hyperdex/master/README.md
twitter-forks/mysql,https://raw.githubusercontent.com/twitter-forks/mysql/master/README.md
eventql/eventql,https://raw.githubusercontent.com/eventql/eventql/master/README.md
yelp/moe,https://raw.githubusercontent.com/yelp/moe/master/README.md
valvesoftware/vogl,https://raw.githubusercontent.com/valvesoftware/vogl/master/README.md
rtbkit/rtbkit,https://raw.githubusercontent.com/rtbkit/rtbkit/master/README.md
cocaine/cocaine-core,https://raw.githubusercontent.com/cocaine/cocaine-core/master/README.md
alexgkendall/caffe-segnet,https://raw.githubusercontent.com/alexgkendall/caffe-segnet/master/README.md
heroiccybersecurity/osquery,https://raw.githubusercontent.com/heroiccybersecurity/osquery/master/README.md
qupzilla/qupzilla,https://raw.githubusercontent.com/qupzilla/qupzilla/master/README.md
ydwen/caffe-face,https://raw.githubusercontent.com/ydwen/caffe-face/master/README.md
happynear/caffe-windows,https://raw.githubusercontent.com/happynear/caffe-windows/master/README.md
xhmikosr/notepad2-mod,https://raw.githubusercontent.com/xhmikosr/notepad2-mod/master/README.md
msracver/deep-image-analogy,https://raw.githubusercontent.com/msracver/deep-image-analogy/master/README.md
ivansafrin/polycode,https://raw.githubusercontent.com/ivansafrin/polycode/master/README.md
cloose/cutemarked,https://raw.githubusercontent.com/cloose/cutemarked/master/README.md
mrkepzie/natron,https://raw.githubusercontent.com/mrkepzie/natron/master/README.md
breach/thrust,https://raw.githubusercontent.com/breach/thrust/master/README.md
zouxiaohang/tinystl,https://raw.githubusercontent.com/zouxiaohang/tinystl/master/README.md
baidu/bfs,https://raw.githubusercontent.com/baidu/bfs/master/README.md
baidu/tera,https://raw.githubusercontent.com/baidu/tera/master/README.md
begla/intrinsic,https://raw.githubusercontent.com/begla/intrinsic/master/README.md
rethinkdb/rethinkdb_rebirth,https://raw.githubusercontent.com/rethinkdb/rethinkdb_rebirth/master/README.md
cryptonomex/graphene,https://raw.githubusercontent.com/cryptonomex/graphene/master/README.md
tunabrain/tungsten,https://raw.githubusercontent.com/tunabrain/tungsten/master/README.md
hyperledger-archives/iroha,https://raw.githubusercontent.com/hyperledger-archives/iroha/master/README.md
cmu-db/peloton,https://raw.githubusercontent.com/cmu-db/peloton/master/README.md
atomicgameengine/atomicgameengine,https://raw.githubusercontent.com/atomicgameengine/atomicgameengine/master/README.md
dmlc/mshadow,https://raw.githubusercontent.com/dmlc/mshadow/master/README.md
cocos2d/cocos2d-js,https://raw.githubusercontent.com/cocos2d/cocos2d-js/master/README.md
shadowsocks/shadowsocks-qt5,https://raw.githubusercontent.com/shadowsocks/shadowsocks-qt5/master/README.md
shadowsocks/libqtshadowsocks,https://raw.githubusercontent.com/shadowsocks/libqtshadowsocks/master/README.md
nidium/nidium,https://raw.githubusercontent.com/nidium/nidium/master/README.md
liuruoze/easypr,https://raw.githubusercontent.com/liuruoze/easypr/master/README.md
weiliu89/caffe,https://raw.githubusercontent.com/weiliu89/caffe/master/README.md
crosswalk-project/crosswalk,https://raw.githubusercontent.com/crosswalk-project/crosswalk/master/README.md
runtimejs/runtime,https://raw.githubusercontent.com/runtimejs/runtime/master/README.md
parro-it/libui-node,https://raw.githubusercontent.com/parro-it/libui-node/master/README.md
sphinxsearch/sphinx,https://raw.githubusercontent.com/sphinxsearch/sphinx/master/README.md
facebookarchive/xcbuild,https://raw.githubusercontent.com/facebookarchive/xcbuild/master/README.md
ashampoosystems/boden,https://raw.githubusercontent.com/ashampoosystems/boden/master/README.md
solodon4/mach7,https://raw.githubusercontent.com/solodon4/mach7/master/README.md
nitroshare/nitroshare-desktop,https://raw.githubusercontent.com/nitroshare/nitroshare-desktop/master/README.md
p12tic/libsimdpp,https://raw.githubusercontent.com/p12tic/libsimdpp/master/README.md
tekezo/karabiner,https://raw.githubusercontent.com/tekezo/karabiner/master/README.md
facebookresearch/tensorcomprehensions,https://raw.githubusercontent.com/facebookresearch/tensorcomprehensions/master/README.md
polarphp/polarphp,https://raw.githubusercontent.com/polarphp/polarphp/master/README.md
libxmljs/libxmljs,https://raw.githubusercontent.com/libxmljs/libxmljs/master/README.md
gamefoundry/bsf,https://raw.githubusercontent.com/gamefoundry/bsf/master/README.md
freelan-developers/freelan,https://raw.githubusercontent.com/freelan-developers/freelan/master/README.md
ptrkrysik/gr-gsm,https://raw.githubusercontent.com/ptrkrysik/gr-gsm/master/README.md
llvm-mirror/clang,https://raw.githubusercontent.com/llvm-mirror/clang/master/README.md
everitoken/evt,https://raw.githubusercontent.com/everitoken/evt/master/README.md
peterbraden/node-opencv,https://raw.githubusercontent.com/peterbraden/node-opencv/master/README.md
gigablast/open-source-search-engine,https://raw.githubusercontent.com/gigablast/open-source-search-engine/master/README.md
includeos/includeos,https://raw.githubusercontent.com/includeos/includeos/master/README.md
rubyjs/therubyracer,https://raw.githubusercontent.com/rubyjs/therubyracer/master/README.md
vgough/encfs,https://raw.githubusercontent.com/vgough/encfs/master/README.md
aras-p/glsl-optimizer,https://raw.githubusercontent.com/aras-p/glsl-optimizer/master/README.md
hyperion-project/hyperion,https://raw.githubusercontent.com/hyperion-project/hyperion/master/README.md
rwengine/openrw,https://raw.githubusercontent.com/rwengine/openrw/master/README.md
marian-nmt/marian,https://raw.githubusercontent.com/marian-nmt/marian/master/README.md
garagegames/torque2d,https://raw.githubusercontent.com/garagegames/torque2d/master/README.md
yinqiwen/ardb,https://raw.githubusercontent.com/yinqiwen/ardb/master/README.md
opentomb/opentomb,https://raw.githubusercontent.com/opentomb/opentomb/master/README.md
asmuth/clip,https://raw.githubusercontent.com/asmuth/clip/master/README.md
leela-zero/leela-zero,https://raw.githubusercontent.com/leela-zero/leela-zero/master/README.md
google/angle,https://raw.githubusercontent.com/google/angle/master/README.md
flif-hub/flif,https://raw.githubusercontent.com/flif-hub/flif/master/README.md
garagegames/torque3d,https://raw.githubusercontent.com/garagegames/torque3d/master/README.md
aksnzhy/xlearn,https://raw.githubusercontent.com/aksnzhy/xlearn/master/README.md
kripken/bananabread,https://raw.githubusercontent.com/kripken/bananabread/master/README.md
ariya/phantomjs,https://raw.githubusercontent.com/ariya/phantomjs/master/README.md
ricochet-im/ricochet,https://raw.githubusercontent.com/ricochet-im/ricochet/master/README.md
ctubio/krypto-trading-bot,https://raw.githubusercontent.com/ctubio/krypto-trading-bot/master/README.md
jacobdufault/cquery,https://raw.githubusercontent.com/jacobdufault/cquery/master/README.md
leanprover/lean,https://raw.githubusercontent.com/leanprover/lean/master/README.md
kyubotics/coolq-http-api,https://raw.githubusercontent.com/kyubotics/coolq-http-api/master/README.md
logcabin/logcabin,https://raw.githubusercontent.com/logcabin/logcabin/master/README.md
slic3r/slic3r,https://raw.githubusercontent.com/slic3r/slic3r/master/README.md
google/sling,https://raw.githubusercontent.com/google/sling/master/README.md
khizmax/libcds,https://raw.githubusercontent.com/khizmax/libcds/master/README.md
keystone-engine/keystone,https://raw.githubusercontent.com/keystone-engine/keystone/master/README.md
google/swiftshader,https://raw.githubusercontent.com/google/swiftshader/master/README.md
dev-cafe/cmake-cookbook,https://raw.githubusercontent.com/dev-cafe/cmake-cookbook/master/README.md
eranpeer/fakeit,https://raw.githubusercontent.com/eranpeer/fakeit/master/README.md
microsoft/cntk,https://raw.githubusercontent.com/microsoft/cntk/master/README.md
tomahawk-player/tomahawk,https://raw.githubusercontent.com/tomahawk-player/tomahawk/master/README.md
floooh/oryol,https://raw.githubusercontent.com/floooh/oryol/master/README.md
yse/easy_profiler,https://raw.githubusercontent.com/yse/easy_profiler/master/README.md
couchbase/forestdb,https://raw.githubusercontent.com/couchbase/forestdb/master/README.md
illera88/ponce,https://raw.githubusercontent.com/illera88/ponce/master/README.md
zhongyang219/trafficmonitor,https://raw.githubusercontent.com/zhongyang219/trafficmonitor/master/README.md
mmp/pbrt-v3,https://raw.githubusercontent.com/mmp/pbrt-v3/master/README.md
rakshasa/rtorrent,https://raw.githubusercontent.com/rakshasa/rtorrent/master/README.md
baumgarr/nixnote2,https://raw.githubusercontent.com/baumgarr/nixnote2/master/README.md
rpclib/rpclib,https://raw.githubusercontent.com/rpclib/rpclib/master/README.md
tiny-dnn/tiny-dnn,https://raw.githubusercontent.com/tiny-dnn/tiny-dnn/master/README.md
google/liquidfun,https://raw.githubusercontent.com/google/liquidfun/master/README.md
yyzybb537/libgo,https://raw.githubusercontent.com/yyzybb537/libgo/master/README.md
20tab/unrealenginepython,https://raw.githubusercontent.com/20tab/unrealenginepython/master/README.md
chukong/quick-cocos2d-x,https://raw.githubusercontent.com/chukong/quick-cocos2d-x/master/README.md
luliyucoordinate/leetcode,https://raw.githubusercontent.com/luliyucoordinate/leetcode/master/README.md
luwx/lightly,https://raw.githubusercontent.com/luwx/lightly/master/README.md
ideawu/ssdb,https://raw.githubusercontent.com/ideawu/ssdb/master/README.md
keepassx/keepassx,https://raw.githubusercontent.com/keepassx/keepassx/master/README.md
steemit/steem,https://raw.githubusercontent.com/steemit/steem/master/README.md
bonzaithepenguin/wikisort,https://raw.githubusercontent.com/bonzaithepenguin/wikisort/master/README.md
openalpr/openalpr,https://raw.githubusercontent.com/openalpr/openalpr/master/README.md
visualfc/liteide,https://raw.githubusercontent.com/visualfc/liteide/master/README.md
clab/dynet,https://raw.githubusercontent.com/clab/dynet/master/README.md
mit-nlp/mitie,https://raw.githubusercontent.com/mit-nlp/mitie/master/README.md
pezy/cppprimer,https://raw.githubusercontent.com/pezy/cppprimer/master/README.md
mkeeter/antimony,https://raw.githubusercontent.com/mkeeter/antimony/master/README.md
mtytel/helm,https://raw.githubusercontent.com/mtytel/helm/master/README.md
dotnet/llilc,https://raw.githubusercontent.com/dotnet/llilc/master/README.md
ucbrise/confluo,https://raw.githubusercontent.com/ucbrise/confluo/master/README.md
nervanasystems/ngraph,https://raw.githubusercontent.com/nervanasystems/ngraph/master/README.md
pymesh/pymesh,https://raw.githubusercontent.com/pymesh/pymesh/master/README.md
kfrlib/kfr,https://raw.githubusercontent.com/kfrlib/kfr/master/README.md
openimagedenoise/oidn,https://raw.githubusercontent.com/openimagedenoise/oidn/master/README.md
serge-rgb/milton,https://raw.githubusercontent.com/serge-rgb/milton/master/README.md
laserpants/qt-material-widgets,https://raw.githubusercontent.com/laserpants/qt-material-widgets/master/README.md
butor/blackbird,https://raw.githubusercontent.com/butor/blackbird/master/README.md
sebastianstarke/ai4animation,https://raw.githubusercontent.com/sebastianstarke/ai4animation/master/README.md
emcrisostomo/fswatch,https://raw.githubusercontent.com/emcrisostomo/fswatch/master/README.md
readytalk/avian,https://raw.githubusercontent.com/readytalk/avian/master/README.md
pov-ray/povray,https://raw.githubusercontent.com/pov-ray/povray/master/README.md
bareflank/hypervisor,https://raw.githubusercontent.com/bareflank/hypervisor/master/README.md
ethereum/aleth,https://raw.githubusercontent.com/ethereum/aleth/master/README.md
yegord/snowman,https://raw.githubusercontent.com/yegord/snowman/master/README.md
google/fruit,https://raw.githubusercontent.com/google/fruit/master/README.md
erengy/taiga,https://raw.githubusercontent.com/erengy/taiga/master/README.md
matthewsamuel95/acm-icpc-algorithms,https://raw.githubusercontent.com/matthewsamuel95/acm-icpc-algorithms/master/README.md
inori/gpcs4,https://raw.githubusercontent.com/inori/gpcs4/master/README.md
rprichard/winpty,https://raw.githubusercontent.com/rprichard/winpty/master/README.md
thestinger/termite,https://raw.githubusercontent.com/thestinger/termite/master/README.md
arximboldi/immer,https://raw.githubusercontent.com/arximboldi/immer/master/README.md
joeferner/node-java,https://raw.githubusercontent.com/joeferner/node-java/master/README.md
runtimecompiledcplusplus/runtimecompiledcplusplus,https://raw.githubusercontent.com/runtimecompiledcplusplus/runtimecompiledcplusplus/master/README.md
patrikhuber/eos,https://raw.githubusercontent.com/patrikhuber/eos/master/README.md
embree/embree,https://raw.githubusercontent.com/embree/embree/master/README.md
wang-bin/qtav,https://raw.githubusercontent.com/wang-bin/qtav/master/README.md
unetbootin/unetbootin,https://raw.githubusercontent.com/unetbootin/unetbootin/master/README.md
neirth/freenos,https://raw.githubusercontent.com/neirth/freenos/master/README.md
microsoft/pyjion,https://raw.githubusercontent.com/microsoft/pyjion/master/README.md
alexkay/spek,https://raw.githubusercontent.com/alexkay/spek/master/README.md
greenheartgames/greenworks,https://raw.githubusercontent.com/greenheartgames/greenworks/master/README.md
citp/blocksci,https://raw.githubusercontent.com/citp/blocksci/master/README.md
decaf-emu/decaf-emu,https://raw.githubusercontent.com/decaf-emu/decaf-emu/master/README.md
paroj/gltut,https://raw.githubusercontent.com/paroj/gltut/master/README.md
bvlc/caffe,https://raw.githubusercontent.com/bvlc/caffe/master/README.md
apple/turicreate,https://raw.githubusercontent.com/apple/turicreate/master/README.md
xtaci/algorithms,https://raw.githubusercontent.com/xtaci/algorithms/master/README.md
recastnavigation/recastnavigation,https://raw.githubusercontent.com/recastnavigation/recastnavigation/master/README.md
yanyiwu/cppjieba,https://raw.githubusercontent.com/yanyiwu/cppjieba/master/README.md
generalized-intelligence/gaas,https://raw.githubusercontent.com/generalized-intelligence/gaas/master/README.md
probonopd/linuxdeployqt,https://raw.githubusercontent.com/probonopd/linuxdeployqt/master/README.md
mrc-ide/covid-sim,https://raw.githubusercontent.com/mrc-ide/covid-sim/master/README.md
micknoise/maximilian,https://raw.githubusercontent.com/micknoise/maximilian/master/README.md
cartographer-project/cartographer_ros,https://raw.githubusercontent.com/cartographer-project/cartographer_ros/master/README.md
icecc/icecream,https://raw.githubusercontent.com/icecc/icecream/master/README.md
meganz/megasync,https://raw.githubusercontent.com/meganz/megasync/master/README.md
tfhe/tfhe,https://raw.githubusercontent.com/tfhe/tfhe/master/README.md
mitsuba-renderer/nanogui,https://raw.githubusercontent.com/mitsuba-renderer/nanogui/master/README.md
chris2511/xca,https://raw.githubusercontent.com/chris2511/xca/master/README.md
chvmp/champ,https://raw.githubusercontent.com/chvmp/champ/master/README.md
haoel/leetcode,https://raw.githubusercontent.com/haoel/leetcode/master/README.md
weolar/miniblink49,https://raw.githubusercontent.com/weolar/miniblink49/master/README.md
baidu/braft,https://raw.githubusercontent.com/baidu/braft/master/README.md
overv/vulkantutorial,https://raw.githubusercontent.com/overv/vulkantutorial/master/README.md
scantailor/scantailor,https://raw.githubusercontent.com/scantailor/scantailor/master/README.md
dhewm/dhewm3,https://raw.githubusercontent.com/dhewm/dhewm3/master/README.md
firmata/arduino,https://raw.githubusercontent.com/firmata/arduino/master/README.md
sourcey/libsourcey,https://raw.githubusercontent.com/sourcey/libsourcey/master/README.md
dreamlayers/em-dosbox,https://raw.githubusercontent.com/dreamlayers/em-dosbox/master/README.md
plexinc/plex-media-player,https://raw.githubusercontent.com/plexinc/plex-media-player/master/README.md
eqmg/acid,https://raw.githubusercontent.com/eqmg/acid/master/README.md
felixguendling/cista,https://raw.githubusercontent.com/felixguendling/cista/master/README.md
alibaba/alisql,https://raw.githubusercontent.com/alibaba/alisql/master/README.md
lux-core/lux,https://raw.githubusercontent.com/lux-core/lux/master/README.md
biometrics/openbr,https://raw.githubusercontent.com/biometrics/openbr/master/README.md
pixaranimationstudios/opensubdiv,https://raw.githubusercontent.com/pixaranimationstudios/opensubdiv/master/README.md
kurento/kurento-media-server,https://raw.githubusercontent.com/kurento/kurento-media-server/master/README.md
wavm/wavm,https://raw.githubusercontent.com/wavm/wavm/master/README.md
simbody/simbody,https://raw.githubusercontent.com/simbody/simbody/master/README.md
aloshi/emulationstation,https://raw.githubusercontent.com/aloshi/emulationstation/master/README.md
microsoft/win2d,https://raw.githubusercontent.com/microsoft/win2d/master/README.md
antimicro/antimicro,https://raw.githubusercontent.com/antimicro/antimicro/master/README.md
utensor/utensor,https://raw.githubusercontent.com/utensor/utensor/master/README.md
nvidiagameworks/falcor,https://raw.githubusercontent.com/nvidiagameworks/falcor/master/README.md
plasma-umass/mesh,https://raw.githubusercontent.com/plasma-umass/mesh/master/README.md
nzbget/nzbget,https://raw.githubusercontent.com/nzbget/nzbget/master/README.md
ethz-asl/rotors_simulator,https://raw.githubusercontent.com/ethz-asl/rotors_simulator/master/README.md
zealdocs/zeal,https://raw.githubusercontent.com/zealdocs/zeal/master/README.md
tjanczuk/edge,https://raw.githubusercontent.com/tjanczuk/edge/master/README.md
apache/incubator-pagespeed-ngx,https://raw.githubusercontent.com/apache/incubator-pagespeed-ngx/master/README.md
justadudewhohacks/opencv4nodejs,https://raw.githubusercontent.com/justadudewhohacks/opencv4nodejs/master/README.md
mapbox/mapbox-gl-native,https://raw.githubusercontent.com/mapbox/mapbox-gl-native/master/README.md
nevcairiel/lavfilters,https://raw.githubusercontent.com/nevcairiel/lavfilters/master/README.md
intel/hyperscan,https://raw.githubusercontent.com/intel/hyperscan/master/README.md
lordnoteworthy/al-khaser,https://raw.githubusercontent.com/lordnoteworthy/al-khaser/master/README.md
terralang/terra,https://raw.githubusercontent.com/terralang/terra/master/README.md
taurusai/kungfu,https://raw.githubusercontent.com/taurusai/kungfu/master/README.md
srslte/srslte,https://raw.githubusercontent.com/srslte/srslte/master/README.md
facebookincubator/logdevice,https://raw.githubusercontent.com/facebookincubator/logdevice/master/README.md
simongog/sdsl-lite,https://raw.githubusercontent.com/simongog/sdsl-lite/master/README.md
unrealcv/unrealcv,https://raw.githubusercontent.com/unrealcv/unrealcv/master/README.md
digego/extempore,https://raw.githubusercontent.com/digego/extempore/master/README.md
boostorg/compute,https://raw.githubusercontent.com/boostorg/compute/master/README.md
log4cplus/log4cplus,https://raw.githubusercontent.com/log4cplus/log4cplus/master/README.md
libbitcoin/libbitcoin-system,https://raw.githubusercontent.com/libbitcoin/libbitcoin-system/master/README.md
tencent/unlua,https://raw.githubusercontent.com/tencent/unlua/master/README.md
jpcy/xatlas,https://raw.githubusercontent.com/jpcy/xatlas/master/README.md
gpuopen-tools/compressonator,https://raw.githubusercontent.com/gpuopen-tools/compressonator/master/README.md
vtil-project/vtil-core,https://raw.githubusercontent.com/vtil-project/vtil-core/master/README.md
sideeffects/houdiniengineforunreal,https://raw.githubusercontent.com/sideeffects/houdiniengineforunreal/master/README.md
manishbisht/competitive-programming,https://raw.githubusercontent.com/manishbisht/competitive-programming/master/README.md
ewenwan/mvision,https://raw.githubusercontent.com/ewenwan/mvision/master/README.md
cisco/openh264,https://raw.githubusercontent.com/cisco/openh264/master/README.md
cbucher/console,https://raw.githubusercontent.com/cbucher/console/master/README.md
x64dbg/scyllahide,https://raw.githubusercontent.com/x64dbg/scyllahide/master/README.md
xtra-computing/thundersvm,https://raw.githubusercontent.com/xtra-computing/thundersvm/master/README.md
octomap/octomap,https://raw.githubusercontent.com/octomap/octomap/master/README.md
meganz/megacmd,https://raw.githubusercontent.com/meganz/megacmd/master/README.md
ethz-asl/libpointmatcher,https://raw.githubusercontent.com/ethz-asl/libpointmatcher/master/README.md
cebix/macemu,https://raw.githubusercontent.com/cebix/macemu/master/README.md
ulfjack/ryu,https://raw.githubusercontent.com/ulfjack/ryu/master/README.md
p-ranav/argparse,https://raw.githubusercontent.com/p-ranav/argparse/master/README.md
enzo1982/freac,https://raw.githubusercontent.com/enzo1982/freac/master/README.md
apache/mesos,https://raw.githubusercontent.com/apache/mesos/master/README.md
lexikos/autohotkey_l,https://raw.githubusercontent.com/lexikos/autohotkey_l/master/README.md
sass/libsass,https://raw.githubusercontent.com/sass/libsass/master/README.md
google/draco,https://raw.githubusercontent.com/google/draco/master/README.md
google/bloaty,https://raw.githubusercontent.com/google/bloaty/master/README.md
microsoft/seal,https://raw.githubusercontent.com/microsoft/seal/master/README.md
andersbakken/rtags,https://raw.githubusercontent.com/andersbakken/rtags/master/README.md
mariusmuja/flann,https://raw.githubusercontent.com/mariusmuja/flann/master/README.md
miguelfreitas/twister-core,https://raw.githubusercontent.com/miguelfreitas/twister-core/master/README.md
google/gemmlowp,https://raw.githubusercontent.com/google/gemmlowp/master/README.md
mwydmuch/vizdoom,https://raw.githubusercontent.com/mwydmuch/vizdoom/master/README.md
lunarg/vulkansamples,https://raw.githubusercontent.com/lunarg/vulkansamples/master/README.md
javafxports/openjdk-jfx,https://raw.githubusercontent.com/javafxports/openjdk-jfx/master/README.md
wonday/react-native-pdf,https://raw.githubusercontent.com/wonday/react-native-pdf/master/README.md
foonathan/memory,https://raw.githubusercontent.com/foonathan/memory/master/README.md
behaviortree/behaviortree.cpp,https://raw.githubusercontent.com/behaviortree/behaviortree.cpp/master/README.md
opengenus/cosmos,https://raw.githubusercontent.com/opengenus/cosmos/master/README.md
acaudwell/gource,https://raw.githubusercontent.com/acaudwell/gource/master/README.md
facebook/wdt,https://raw.githubusercontent.com/facebook/wdt/master/README.md
joshuawise/better-sqlite3,https://raw.githubusercontent.com/joshuawise/better-sqlite3/master/README.md
mapbox/tippecanoe,https://raw.githubusercontent.com/mapbox/tippecanoe/master/README.md
binomialllc/basis_universal,https://raw.githubusercontent.com/binomialllc/basis_universal/master/README.md
phpv8/v8js,https://raw.githubusercontent.com/phpv8/v8js/master/README.md
gongminmin/klayge,https://raw.githubusercontent.com/gongminmin/klayge/master/README.md
vitalif/grive2,https://raw.githubusercontent.com/vitalif/grive2/master/README.md
simsong/tcpflow,https://raw.githubusercontent.com/simsong/tcpflow/master/README.md
atom/node-keytar,https://raw.githubusercontent.com/atom/node-keytar/master/README.md
romkatv/gitstatus,https://raw.githubusercontent.com/romkatv/gitstatus/master/README.md
gperftools/gperftools,https://raw.githubusercontent.com/gperftools/gperftools/master/README.md
albertlauncher/albert,https://raw.githubusercontent.com/albertlauncher/albert/master/README.md
bblanchon/arduinojson,https://raw.githubusercontent.com/bblanchon/arduinojson/master/README.md
fireice-uk/xmr-stak,https://raw.githubusercontent.com/fireice-uk/xmr-stak/master/README.md
tindy2013/subconverter,https://raw.githubusercontent.com/tindy2013/subconverter/master/README.md
amrayn/easyloggingpp,https://raw.githubusercontent.com/amrayn/easyloggingpp/master/README.md
mailcore/mailcore2,https://raw.githubusercontent.com/mailcore/mailcore2/master/README.md
cztomczak/cefpython,https://raw.githubusercontent.com/cztomczak/cefpython/master/README.md
wheybags/freeablo,https://raw.githubusercontent.com/wheybags/freeablo/master/README.md
cpp-netlib/cpp-netlib,https://raw.githubusercontent.com/cpp-netlib/cpp-netlib/master/README.md
protobuf-c/protobuf-c,https://raw.githubusercontent.com/protobuf-c/protobuf-c/master/README.md
mpromonet/v4l2rtspserver,https://raw.githubusercontent.com/mpromonet/v4l2rtspserver/master/README.md
bqi343/usaco,https://raw.githubusercontent.com/bqi343/usaco/master/README.md
microsoft/azure-kinect-sensor-sdk,https://raw.githubusercontent.com/microsoft/azure-kinect-sensor-sdk/master/README.md
syoyo/tinygltf,https://raw.githubusercontent.com/syoyo/tinygltf/master/README.md
bhupesh-v/30-seconds-of-cpp,https://raw.githubusercontent.com/bhupesh-v/30-seconds-of-cpp/master/README.md
rpng/open_vins,https://raw.githubusercontent.com/rpng/open_vins/master/README.md
tw1ddle/geometrize,https://raw.githubusercontent.com/tw1ddle/geometrize/master/README.md
cocos2d/cocos2d-x,https://raw.githubusercontent.com/cocos2d/cocos2d-x/master/README.md
c0re100/qbittorrent-enhanced-edition,https://raw.githubusercontent.com/c0re100/qbittorrent-enhanced-edition/master/README.md
include-what-you-use/include-what-you-use,https://raw.githubusercontent.com/include-what-you-use/include-what-you-use/master/README.md
jainaman224/algo_ds_notes,https://raw.githubusercontent.com/jainaman224/algo_ds_notes/master/README.md
whitewaterfoundry/pengwin,https://raw.githubusercontent.com/whitewaterfoundry/pengwin/master/README.md
miek/inspectrum,https://raw.githubusercontent.com/miek/inspectrum/master/README.md
aardappel/lobster,https://raw.githubusercontent.com/aardappel/lobster/master/README.md
aosp-mirror/platform_system_core,https://raw.githubusercontent.com/aosp-mirror/platform_system_core/master/README.md
m2team/nsudo,https://raw.githubusercontent.com/m2team/nsudo/master/README.md
rhvoice/rhvoice,https://raw.githubusercontent.com/rhvoice/rhvoice/master/README.md
mit-spark/kimera-vio,https://raw.githubusercontent.com/mit-spark/kimera-vio/master/README.md
artikash/textractor,https://raw.githubusercontent.com/artikash/textractor/master/README.md
fdivitto/fabgl,https://raw.githubusercontent.com/fdivitto/fabgl/master/README.md
ndeadly/missioncontrol,https://raw.githubusercontent.com/ndeadly/missioncontrol/master/README.md
aria2/aria2,https://raw.githubusercontent.com/aria2/aria2/master/README.md
360controller/360controller,https://raw.githubusercontent.com/360controller/360controller/master/README.md
dropbox/lepton,https://raw.githubusercontent.com/dropbox/lepton/master/README.md
typesense/typesense,https://raw.githubusercontent.com/typesense/typesense/master/README.md
qihoo360/pika,https://raw.githubusercontent.com/qihoo360/pika/master/README.md
swig/swig,https://raw.githubusercontent.com/swig/swig/master/README.md
leethomason/tinyxml2,https://raw.githubusercontent.com/leethomason/tinyxml2/master/README.md
gameplay3d/gameplay,https://raw.githubusercontent.com/gameplay3d/gameplay/master/README.md
jrowberg/i2cdevlib,https://raw.githubusercontent.com/jrowberg/i2cdevlib/master/README.md
nodejs/nan,https://raw.githubusercontent.com/nodejs/nan/master/README.md
homenc/helib,https://raw.githubusercontent.com/homenc/helib/master/README.md
qihoo360/evpp,https://raw.githubusercontent.com/qihoo360/evpp/master/README.md
liuchuo/pat,https://raw.githubusercontent.com/liuchuo/pat/master/README.md
microsoft/ell,https://raw.githubusercontent.com/microsoft/ell/master/README.md
librecad/librecad,https://raw.githubusercontent.com/librecad/librecad/master/README.md
facebookresearch/elf,https://raw.githubusercontent.com/facebookresearch/elf/master/README.md
lifting-bits/mcsema,https://raw.githubusercontent.com/lifting-bits/mcsema/master/README.md
eteran/edb-debugger,https://raw.githubusercontent.com/eteran/edb-debugger/master/README.md
snap-stanford/snap,https://raw.githubusercontent.com/snap-stanford/snap/master/README.md
emilybache/gildedrose-refactoring-kata,https://raw.githubusercontent.com/emilybache/gildedrose-refactoring-kata/master/README.md
kpu/kenlm,https://raw.githubusercontent.com/kpu/kenlm/master/README.md
hasherezade/pe-sieve,https://raw.githubusercontent.com/hasherezade/pe-sieve/master/README.md
google/omaha,https://raw.githubusercontent.com/google/omaha/master/README.md
wichtounet/thor-os,https://raw.githubusercontent.com/wichtounet/thor-os/master/README.md
vczh-libraries/release,https://raw.githubusercontent.com/vczh-libraries/release/master/README.md
quickfix/quickfix,https://raw.githubusercontent.com/quickfix/quickfix/master/README.md
fnc12/sqlite_orm,https://raw.githubusercontent.com/fnc12/sqlite_orm/master/README.md
equalsraf/neovim-qt,https://raw.githubusercontent.com/equalsraf/neovim-qt/master/README.md
horde3d/horde3d,https://raw.githubusercontent.com/horde3d/horde3d/master/README.md
milkytracker/milkytracker,https://raw.githubusercontent.com/milkytracker/milkytracker/master/README.md
blinker-iot/blinker-library,https://raw.githubusercontent.com/blinker-iot/blinker-library/master/README.md
tianzerl/anime4kcpp,https://raw.githubusercontent.com/tianzerl/anime4kcpp/master/README.md
facebook/threatexchange,https://raw.githubusercontent.com/facebook/threatexchange/master/README.md
tencent/turbotransformers,https://raw.githubusercontent.com/tencent/turbotransformers/master/README.md
gulrak/filesystem,https://raw.githubusercontent.com/gulrak/filesystem/master/README.md
chenshuo/muduo,https://raw.githubusercontent.com/chenshuo/muduo/master/README.md
oguzhaninan/stacer,https://raw.githubusercontent.com/oguzhaninan/stacer/master/README.md
mooophy/cpp-primer,https://raw.githubusercontent.com/mooophy/cpp-primer/master/README.md
oclint/oclint,https://raw.githubusercontent.com/oclint/oclint/master/README.md
pmq20/node-packer,https://raw.githubusercontent.com/pmq20/node-packer/master/README.md
weidai11/cryptopp,https://raw.githubusercontent.com/weidai11/cryptopp/master/README.md
openkinect/libfreenect2,https://raw.githubusercontent.com/openkinect/libfreenect2/master/README.md
dvorka/mindforger,https://raw.githubusercontent.com/dvorka/mindforger/master/README.md
dannagle/packetsender,https://raw.githubusercontent.com/dannagle/packetsender/master/README.md
herumi/xbyak,https://raw.githubusercontent.com/herumi/xbyak/master/README.md
cjcliffe/cubicsdr,https://raw.githubusercontent.com/cjcliffe/cubicsdr/master/README.md
guillaumeblanc/ozz-animation,https://raw.githubusercontent.com/guillaumeblanc/ozz-animation/master/README.md
vshymanskyy/tinygsm,https://raw.githubusercontent.com/vshymanskyy/tinygsm/master/README.md
gildor2/ueviewer,https://raw.githubusercontent.com/gildor2/ueviewer/master/README.md
loot/loot,https://raw.githubusercontent.com/loot/loot/master/README.md
qdtroy/duilib_ultimate,https://raw.githubusercontent.com/qdtroy/duilib_ultimate/master/README.md
bionus/imgbrd-grabber,https://raw.githubusercontent.com/bionus/imgbrd-grabber/master/README.md
soci/soci,https://raw.githubusercontent.com/soci/soci/master/README.md
espotek/labrador,https://raw.githubusercontent.com/espotek/labrador/master/README.md
xoreos/xoreos,https://raw.githubusercontent.com/xoreos/xoreos/master/README.md
tfussell/xlnt,https://raw.githubusercontent.com/tfussell/xlnt/master/README.md
openvr-advanced-settings/openvr-advancedsettings,https://raw.githubusercontent.com/openvr-advanced-settings/openvr-advancedsettings/master/README.md
pgrouting/pgrouting,https://raw.githubusercontent.com/pgrouting/pgrouting/master/README.md
colobot/colobot,https://raw.githubusercontent.com/colobot/colobot/master/README.md
zhongyang219/musicplayer2,https://raw.githubusercontent.com/zhongyang219/musicplayer2/master/README.md
ethz-asl/voxblox,https://raw.githubusercontent.com/ethz-asl/voxblox/master/README.md
gzc/clrs,https://raw.githubusercontent.com/gzc/clrs/master/README.md
microsoft/cpprestsdk,https://raw.githubusercontent.com/microsoft/cpprestsdk/master/README.md
an-tao/drogon,https://raw.githubusercontent.com/an-tao/drogon/master/README.md
librevr/revive,https://raw.githubusercontent.com/librevr/revive/master/README.md
fibjs/fibjs,https://raw.githubusercontent.com/fibjs/fibjs/master/README.md
alinshans/mytinystl,https://raw.githubusercontent.com/alinshans/mytinystl/master/README.md
gioblu/pjon,https://raw.githubusercontent.com/gioblu/pjon/master/README.md
jbeder/yaml-cpp,https://raw.githubusercontent.com/jbeder/yaml-cpp/master/README.md
bitfieldaudio/otto,https://raw.githubusercontent.com/bitfieldaudio/otto/master/README.md
hzeller/rpi-rgb-led-matrix,https://raw.githubusercontent.com/hzeller/rpi-rgb-led-matrix/master/README.md
miguelbalboa/rfid,https://raw.githubusercontent.com/miguelbalboa/rfid/master/README.md
rbock/sqlpp11,https://raw.githubusercontent.com/rbock/sqlpp11/master/README.md
idealvin/co,https://raw.githubusercontent.com/idealvin/co/master/README.md
rttrorg/rttr,https://raw.githubusercontent.com/rttrorg/rttr/master/README.md
mgbellemare/arcade-learning-environment,https://raw.githubusercontent.com/mgbellemare/arcade-learning-environment/master/README.md
librepcb/librepcb,https://raw.githubusercontent.com/librepcb/librepcb/master/README.md
sergiusthebest/plog,https://raw.githubusercontent.com/sergiusthebest/plog/master/README.md
cpputest/cpputest,https://raw.githubusercontent.com/cpputest/cpputest/master/README.md
celestiaproject/celestia,https://raw.githubusercontent.com/celestiaproject/celestia/master/README.md
danielchappuis/reactphysics3d,https://raw.githubusercontent.com/danielchappuis/reactphysics3d/master/README.md
martinus/robin-hood-hashing,https://raw.githubusercontent.com/martinus/robin-hood-hashing/master/README.md
stevemacenski/slam_toolbox,https://raw.githubusercontent.com/stevemacenski/slam_toolbox/master/README.md
variar/klogg,https://raw.githubusercontent.com/variar/klogg/master/README.md
apache/incubator-weex,https://raw.githubusercontent.com/apache/incubator-weex/master/README.md
tencent/rapidjson,https://raw.githubusercontent.com/tencent/rapidjson/master/README.md
tarscloud/tars,https://raw.githubusercontent.com/tarscloud/tars/master/README.md
android/ndk-samples,https://raw.githubusercontent.com/android/ndk-samples/master/README.md
tensorflow/minigo,https://raw.githubusercontent.com/tensorflow/minigo/master/README.md
reactivex/rxcpp,https://raw.githubusercontent.com/reactivex/rxcpp/master/README.md
jupyter-xeus/xeus-cling,https://raw.githubusercontent.com/jupyter-xeus/xeus-cling/master/README.md
maartenbaert/ssr,https://raw.githubusercontent.com/maartenbaert/ssr/master/README.md
eigenteam/eigen-git-mirror,https://raw.githubusercontent.com/eigenteam/eigen-git-mirror/master/README.md
imageworks/openshadinglanguage,https://raw.githubusercontent.com/imageworks/openshadinglanguage/master/README.md
google/s2geometry,https://raw.githubusercontent.com/google/s2geometry/master/README.md
ub-mannheim/tesseract,https://raw.githubusercontent.com/ub-mannheim/tesseract/master/README.md
hunspell/hunspell,https://raw.githubusercontent.com/hunspell/hunspell/master/README.md
google/shaderc,https://raw.githubusercontent.com/google/shaderc/master/README.md
vcdevel/vc,https://raw.githubusercontent.com/vcdevel/vc/master/README.md
apple/swift-llbuild,https://raw.githubusercontent.com/apple/swift-llbuild/master/README.md
manisandro/gimagereader,https://raw.githubusercontent.com/manisandro/gimagereader/master/README.md
4lex4/scantailor-advanced,https://raw.githubusercontent.com/4lex4/scantailor-advanced/master/README.md
liangliangnan/easy3d,https://raw.githubusercontent.com/liangliangnan/easy3d/master/README.md
moneymanagerex/moneymanagerex,https://raw.githubusercontent.com/moneymanagerex/moneymanagerex/master/README.md
wkhtmltopdf/wkhtmltopdf,https://raw.githubusercontent.com/wkhtmltopdf/wkhtmltopdf/master/README.md
google/flutter-desktop-embedding,https://raw.githubusercontent.com/google/flutter-desktop-embedding/master/README.md
avast/retdec,https://raw.githubusercontent.com/avast/retdec/master/README.md
google/benchmark,https://raw.githubusercontent.com/google/benchmark/master/README.md
fanout/pushpin,https://raw.githubusercontent.com/fanout/pushpin/master/README.md
shogun-toolbox/shogun,https://raw.githubusercontent.com/shogun-toolbox/shogun/master/README.md
libigl/libigl,https://raw.githubusercontent.com/libigl/libigl/master/README.md
chriskohlhoff/asio,https://raw.githubusercontent.com/chriskohlhoff/asio/master/README.md
thephd/sol2,https://raw.githubusercontent.com/thephd/sol2/master/README.md
dogecoin/dogecoin,https://raw.githubusercontent.com/dogecoin/dogecoin/master/README.md
fritzing/fritzing-app,https://raw.githubusercontent.com/fritzing/fritzing-app/master/README.md
chaiscript/chaiscript,https://raw.githubusercontent.com/chaiscript/chaiscript/master/README.md
pgmodeler/pgmodeler,https://raw.githubusercontent.com/pgmodeler/pgmodeler/master/README.md
apitrace/apitrace,https://raw.githubusercontent.com/apitrace/apitrace/master/README.md
huxingyi/dust3d,https://raw.githubusercontent.com/huxingyi/dust3d/master/README.md
appleseedhq/appleseed,https://raw.githubusercontent.com/appleseedhq/appleseed/master/README.md
palakis/obs-websocket,https://raw.githubusercontent.com/palakis/obs-websocket/master/README.md
stepmania/stepmania,https://raw.githubusercontent.com/stepmania/stepmania/master/README.md
dobiasd/functionalplus,https://raw.githubusercontent.com/dobiasd/functionalplus/master/README.md
boostorg/hana,https://raw.githubusercontent.com/boostorg/hana/master/README.md
opcm/pcm,https://raw.githubusercontent.com/opcm/pcm/master/README.md
soul-lang/soul,https://raw.githubusercontent.com/soul-lang/soul/master/README.md
microsoft/edgeml,https://raw.githubusercontent.com/microsoft/edgeml/master/README.md
boostorg/pfr,https://raw.githubusercontent.com/boostorg/pfr/master/README.md
boost-ext/di,https://raw.githubusercontent.com/boost-ext/di/master/README.md
laverdet/isolated-vm,https://raw.githubusercontent.com/laverdet/isolated-vm/master/README.md
vigem/vigembus,https://raw.githubusercontent.com/vigem/vigembus/master/README.md
matt-42/lithium,https://raw.githubusercontent.com/matt-42/lithium/master/README.md
jurplel/qview,https://raw.githubusercontent.com/jurplel/qview/master/README.md
simplefoc/arduino-foc,https://raw.githubusercontent.com/simplefoc/arduino-foc/master/README.md
mobile-shell/mosh,https://raw.githubusercontent.com/mobile-shell/mosh/master/README.md
byvoid/opencc,https://raw.githubusercontent.com/byvoid/opencc/master/README.md
zaphoyd/websocketpp,https://raw.githubusercontent.com/zaphoyd/websocketpp/master/README.md
litecoin-project/litecoin,https://raw.githubusercontent.com/litecoin-project/litecoin/master/README.md
badaix/snapcast,https://raw.githubusercontent.com/badaix/snapcast/master/README.md
whoshuu/cpr,https://raw.githubusercontent.com/whoshuu/cpr/master/README.md
webassembly/wabt,https://raw.githubusercontent.com/webassembly/wabt/master/README.md
supertuxkart/stk-code,https://raw.githubusercontent.com/supertuxkart/stk-code/master/README.md
neutralinojs/neutralinojs,https://raw.githubusercontent.com/neutralinojs/neutralinojs/master/README.md
onqtam/doctest,https://raw.githubusercontent.com/onqtam/doctest/master/README.md
ericniebler/range-v3,https://raw.githubusercontent.com/ericniebler/range-v3/master/README.md
ketoo/noahgameframe,https://raw.githubusercontent.com/ketoo/noahgameframe/master/README.md
xia-chu/zlmediakit,https://raw.githubusercontent.com/xia-chu/zlmediakit/master/README.md
wereturtle/ghostwriter,https://raw.githubusercontent.com/wereturtle/ghostwriter/master/README.md
nmslib/nmslib,https://raw.githubusercontent.com/nmslib/nmslib/master/README.md
maskray/ccls,https://raw.githubusercontent.com/maskray/ccls/master/README.md
wwmm/pulseeffects,https://raw.githubusercontent.com/wwmm/pulseeffects/master/README.md
node-webrtc/node-webrtc,https://raw.githubusercontent.com/node-webrtc/node-webrtc/master/README.md
rainerkuemmerle/g2o,https://raw.githubusercontent.com/rainerkuemmerle/g2o/master/README.md
trapexit/mergerfs,https://raw.githubusercontent.com/trapexit/mergerfs/master/README.md
jacoders/openjk,https://raw.githubusercontent.com/jacoders/openjk/master/README.md
hugoam/two,https://raw.githubusercontent.com/hugoam/two/master/README.md
thepowersgang/mrustc,https://raw.githubusercontent.com/thepowersgang/mrustc/master/README.md
scarsty/kys-cpp,https://raw.githubusercontent.com/scarsty/kys-cpp/master/README.md
fluorohydride/ygopro,https://raw.githubusercontent.com/fluorohydride/ygopro/master/README.md
mpromonet/webrtc-streamer,https://raw.githubusercontent.com/mpromonet/webrtc-streamer/master/README.md
flagbrew/pksm,https://raw.githubusercontent.com/flagbrew/pksm/master/README.md
kde/kdeconnect-kde,https://raw.githubusercontent.com/kde/kdeconnect-kde/master/README.md
aegisub/aegisub,https://raw.githubusercontent.com/aegisub/aegisub/master/README.md
treefrogframework/treefrog-framework,https://raw.githubusercontent.com/treefrogframework/treefrog-framework/master/README.md
ion28/bluespawn,https://raw.githubusercontent.com/ion28/bluespawn/master/README.md
flexible-collision-library/fcl,https://raw.githubusercontent.com/flexible-collision-library/fcl/master/README.md
cmderdev/cmder,https://raw.githubusercontent.com/cmderdev/cmder/master/README.md
v8/v8,https://raw.githubusercontent.com/v8/v8/master/README.md
apache/incubator-brpc,https://raw.githubusercontent.com/apache/incubator-brpc/master/README.md
coatisoftware/sourcetrail,https://raw.githubusercontent.com/coatisoftware/sourcetrail/master/README.md
sass/node-sass,https://raw.githubusercontent.com/sass/node-sass/master/README.md
translucenttb/translucenttb,https://raw.githubusercontent.com/translucenttb/translucenttb/master/README.md
maximus5/conemu,https://raw.githubusercontent.com/maximus5/conemu/master/README.md
zeromq/libzmq,https://raw.githubusercontent.com/zeromq/libzmq/master/README.md
citra-emu/citra,https://raw.githubusercontent.com/citra-emu/citra/master/README.md
z3prover/z3,https://raw.githubusercontent.com/z3prover/z3/master/README.md
mysql/mysql-server,https://raw.githubusercontent.com/mysql/mysql-server/master/README.md
saschawillems/vulkan,https://raw.githubusercontent.com/saschawillems/vulkan/master/README.md
squirrel/squirrel.windows,https://raw.githubusercontent.com/squirrel/squirrel.windows/master/README.md
erincatto/box2d,https://raw.githubusercontent.com/erincatto/box2d/master/README.md
fastled/fastled,https://raw.githubusercontent.com/fastled/fastled/master/README.md
microsoft/gsl,https://raw.githubusercontent.com/microsoft/gsl/master/README.md
xiaomi/mace,https://raw.githubusercontent.com/xiaomi/mace/master/README.md
wangyu-/udp2raw-tunnel,https://raw.githubusercontent.com/wangyu-/udp2raw-tunnel/master/README.md
ethereum-mining/ethminer,https://raw.githubusercontent.com/ethereum-mining/ethminer/master/README.md
oatpp/oatpp,https://raw.githubusercontent.com/oatpp/oatpp/master/README.md
tstack/lnav,https://raw.githubusercontent.com/tstack/lnav/master/README.md
vcvrack/rack,https://raw.githubusercontent.com/vcvrack/rack/master/README.md
pixaranimationstudios/usd,https://raw.githubusercontent.com/pixaranimationstudios/usd/master/README.md
zeux/pugixml,https://raw.githubusercontent.com/zeux/pugixml/master/README.md
dfranx/shadered,https://raw.githubusercontent.com/dfranx/shadered/master/README.md
clangen/musikcube,https://raw.githubusercontent.com/clangen/musikcube/master/README.md
spring/spring,https://raw.githubusercontent.com/spring/spring/master/README.md
1technophile/openmqttgateway,https://raw.githubusercontent.com/1technophile/openmqttgateway/master/README.md
howardhinnant/date,https://raw.githubusercontent.com/howardhinnant/date/master/README.md
multimc/multimc5,https://raw.githubusercontent.com/multimc/multimc5/master/README.md
znc/znc,https://raw.githubusercontent.com/znc/znc/master/README.md
hanickadot/compile-time-regular-expressions,https://raw.githubusercontent.com/hanickadot/compile-time-regular-expressions/master/README.md
csete/gqrx,https://raw.githubusercontent.com/csete/gqrx/master/README.md
baidu/openrasp,https://raw.githubusercontent.com/baidu/openrasp/master/README.md
vgvassilev/cling,https://raw.githubusercontent.com/vgvassilev/cling/master/README.md
corvusoft/restbed,https://raw.githubusercontent.com/corvusoft/restbed/master/README.md
odin-lang/odin,https://raw.githubusercontent.com/odin-lang/odin/master/README.md
openxcom/openxcom,https://raw.githubusercontent.com/openxcom/openxcom/master/README.md
texstudio-org/texstudio,https://raw.githubusercontent.com/texstudio-org/texstudio/master/README.md
ros-planning/navigation,https://raw.githubusercontent.com/ros-planning/navigation/master/README.md
epezent/implot,https://raw.githubusercontent.com/epezent/implot/master/README.md
waykichain/waykichain,https://raw.githubusercontent.com/waykichain/waykichain/master/README.md
meshtastic/meshtastic-device,https://raw.githubusercontent.com/meshtastic/meshtastic-device/master/README.md
qtumproject/qtum,https://raw.githubusercontent.com/qtumproject/qtum/master/README.md
smoothieware/smoothieware,https://raw.githubusercontent.com/smoothieware/smoothieware/master/README.md
ossia/score,https://raw.githubusercontent.com/ossia/score/master/README.md
weserv/images,https://raw.githubusercontent.com/weserv/images/master/README.md
gnss-sdr/gnss-sdr,https://raw.githubusercontent.com/gnss-sdr/gnss-sdr/master/README.md
cpeditor/cpeditor,https://raw.githubusercontent.com/cpeditor/cpeditor/master/README.md
stack-of-tasks/pinocchio,https://raw.githubusercontent.com/stack-of-tasks/pinocchio/master/README.md
mutouyun/cpp-ipc,https://raw.githubusercontent.com/mutouyun/cpp-ipc/master/README.md
plagman/gamescope,https://raw.githubusercontent.com/plagman/gamescope/master/README.md
loki-47-6f-64/sunshine,https://raw.githubusercontent.com/loki-47-6f-64/sunshine/master/README.md
mozilla/deepspeech,https://raw.githubusercontent.com/mozilla/deepspeech/master/README.md
bulletphysics/bullet3,https://raw.githubusercontent.com/bulletphysics/bullet3/master/README.md
cartographer-project/cartographer,https://raw.githubusercontent.com/cartographer-project/cartographer/master/README.md
google/sentencepiece,https://raw.githubusercontent.com/google/sentencepiece/master/README.md
panda3d/panda3d,https://raw.githubusercontent.com/panda3d/panda3d/master/README.md
apache/singa,https://raw.githubusercontent.com/apache/singa/master/README.md
pbek/qownnotes,https://raw.githubusercontent.com/pbek/qownnotes/master/README.md
jonathansalwan/triton,https://raw.githubusercontent.com/jonathansalwan/triton/master/README.md
picotorrent/picotorrent,https://raw.githubusercontent.com/picotorrent/picotorrent/master/README.md
solemnwarning/rehex,https://raw.githubusercontent.com/solemnwarning/rehex/master/README.md
alexays/waybar,https://raw.githubusercontent.com/alexays/waybar/master/README.md
xelatihy/yocto-gl,https://raw.githubusercontent.com/xelatihy/yocto-gl/master/README.md
dashpay/dash,https://raw.githubusercontent.com/dashpay/dash/master/README.md
copernicamarketingsoftware/php-cpp,https://raw.githubusercontent.com/copernicamarketingsoftware/php-cpp/master/README.md
cisco-talos/clamav-devel,https://raw.githubusercontent.com/cisco-talos/clamav-devel/master/README.md
theassassin/appimagelauncher,https://raw.githubusercontent.com/theassassin/appimagelauncher/master/README.md
mitsuba-renderer/mitsuba2,https://raw.githubusercontent.com/mitsuba-renderer/mitsuba2/master/README.md
e-maxx-eng/e-maxx-eng,https://raw.githubusercontent.com/e-maxx-eng/e-maxx-eng/master/README.md
numworks/epsilon,https://raw.githubusercontent.com/numworks/epsilon/master/README.md
ncmpcpp/ncmpcpp,https://raw.githubusercontent.com/ncmpcpp/ncmpcpp/master/README.md
bitshares/bitshares-core,https://raw.githubusercontent.com/bitshares/bitshares-core/master/README.md
anybotics/grid_map,https://raw.githubusercontent.com/anybotics/grid_map/master/README.md
google/shaka-packager,https://raw.githubusercontent.com/google/shaka-packager/master/README.md
nodejs/node-addon-api,https://raw.githubusercontent.com/nodejs/node-addon-api/master/README.md
cmu-db/noisepage,https://raw.githubusercontent.com/cmu-db/noisepage/master/README.md
openzwave/open-zwave,https://raw.githubusercontent.com/openzwave/open-zwave/master/README.md
whoozle/android-file-transfer-linux,https://raw.githubusercontent.com/whoozle/android-file-transfer-linux/master/README.md
lammps/lammps,https://raw.githubusercontent.com/lammps/lammps/master/README.md
taglib/taglib,https://raw.githubusercontent.com/taglib/taglib/master/README.md
yvt/openspades,https://raw.githubusercontent.com/yvt/openspades/master/README.md
strukturag/libheif,https://raw.githubusercontent.com/strukturag/libheif/master/README.md
magiblot/tvision,https://raw.githubusercontent.com/magiblot/tvision/master/README.md
deepmodeling/deepmd-kit,https://raw.githubusercontent.com/deepmodeling/deepmd-kit/master/README.md
aappleby/metroboy,https://raw.githubusercontent.com/aappleby/metroboy/master/README.md
microsoft/calculator,https://raw.githubusercontent.com/microsoft/calculator/master/README.md
unetworking/uwebsockets,https://raw.githubusercontent.com/unetworking/uwebsockets/master/README.md
google/libphonenumber,https://raw.githubusercontent.com/google/libphonenumber/master/README.md
microsoft/winget-cli,https://raw.githubusercontent.com/microsoft/winget-cli/master/README.md
studio3t/robomongo,https://raw.githubusercontent.com/studio3t/robomongo/master/README.md
vnotex/vnote,https://raw.githubusercontent.com/vnotex/vnote/master/README.md
ninja-build/ninja,https://raw.githubusercontent.com/ninja-build/ninja/master/README.md
anbox/anbox,https://raw.githubusercontent.com/anbox/anbox/master/README.md
doitsujin/dxvk,https://raw.githubusercontent.com/doitsujin/dxvk/master/README.md
kelektiv/node.bcrypt.js,https://raw.githubusercontent.com/kelektiv/node.bcrypt.js/master/README.md
facebook/redex,https://raw.githubusercontent.com/facebook/redex/master/README.md
monero-project/monero,https://raw.githubusercontent.com/monero-project/monero/master/README.md
skypjack/entt,https://raw.githubusercontent.com/skypjack/entt/master/README.md
sysown/proxysql,https://raw.githubusercontent.com/sysown/proxysql/master/README.md
nixos/nix,https://raw.githubusercontent.com/nixos/nix/master/README.md
ripple/rippled,https://raw.githubusercontent.com/ripple/rippled/master/README.md
jvm-profiling-tools/async-profiler,https://raw.githubusercontent.com/jvm-profiling-tools/async-profiler/master/README.md
mlpack/mlpack,https://raw.githubusercontent.com/mlpack/mlpack/master/README.md
qtox/qtox,https://raw.githubusercontent.com/qtox/qtox/master/README.md
doxygen/doxygen,https://raw.githubusercontent.com/doxygen/doxygen/master/README.md
diasurgical/devilutionx,https://raw.githubusercontent.com/diasurgical/devilutionx/master/README.md
boostorg/beast,https://raw.githubusercontent.com/boostorg/beast/master/README.md
omnisci/omniscidb,https://raw.githubusercontent.com/omnisci/omniscidb/master/README.md
stellarium/stellarium,https://raw.githubusercontent.com/stellarium/stellarium/master/README.md
rikkaapps/riru,https://raw.githubusercontent.com/rikkaapps/riru/master/README.md
rocm-developer-tools/hip,https://raw.githubusercontent.com/rocm-developer-tools/hip/master/README.md
google/earthenterprise,https://raw.githubusercontent.com/google/earthenterprise/master/README.md
pistacheio/pistache,https://raw.githubusercontent.com/pistacheio/pistache/master/README.md
mistertea/eternalterminal,https://raw.githubusercontent.com/mistertea/eternalterminal/master/README.md
harfbuzz/harfbuzz,https://raw.githubusercontent.com/harfbuzz/harfbuzz/master/README.md
zeroc-ice/ice,https://raw.githubusercontent.com/zeroc-ice/ice/master/README.md
alicevision/alicevision,https://raw.githubusercontent.com/alicevision/alicevision/master/README.md
stellar-group/hpx,https://raw.githubusercontent.com/stellar-group/hpx/master/README.md
solvespace/solvespace,https://raw.githubusercontent.com/solvespace/solvespace/master/README.md
cycfi/elements,https://raw.githubusercontent.com/cycfi/elements/master/README.md
randombit/botan,https://raw.githubusercontent.com/randombit/botan/master/README.md
mcostalba/stockfish,https://raw.githubusercontent.com/mcostalba/stockfish/master/README.md
toggl-open-source/toggldesktop,https://raw.githubusercontent.com/toggl-open-source/toggldesktop/master/README.md
blazingdb/blazingsql,https://raw.githubusercontent.com/blazingdb/blazingsql/master/README.md
google/souper,https://raw.githubusercontent.com/google/souper/master/README.md
winmerge/winmerge,https://raw.githubusercontent.com/winmerge/winmerge/master/README.md
felis/usb_host_shield_2.0,https://raw.githubusercontent.com/felis/usb_host_shield_2.0/master/README.md
coelckers/gzdoom,https://raw.githubusercontent.com/coelckers/gzdoom/master/README.md
tencent/puerts,https://raw.githubusercontent.com/tencent/puerts/master/README.md
squid-cache/squid,https://raw.githubusercontent.com/squid-cache/squid/master/README.md
zilliqa/zilliqa,https://raw.githubusercontent.com/zilliqa/zilliqa/master/README.md
lightvector/katago,https://raw.githubusercontent.com/lightvector/katago/master/README.md
luc-github/esp3d,https://raw.githubusercontent.com/luc-github/esp3d/master/README.md
openboard-org/openboard,https://raw.githubusercontent.com/openboard-org/openboard/master/README.md
tensor-compiler/taco,https://raw.githubusercontent.com/tensor-compiler/taco/master/README.md
dchapyshev/aspia,https://raw.githubusercontent.com/dchapyshev/aspia/master/README.md
robertbeckebans/rbdoom-3-bfg,https://raw.githubusercontent.com/robertbeckebans/rbdoom-3-bfg/master/README.md
fastbuild/fastbuild,https://raw.githubusercontent.com/fastbuild/fastbuild/master/README.md
kokkos/kokkos,https://raw.githubusercontent.com/kokkos/kokkos/master/README.md
kitware/paraview,https://raw.githubusercontent.com/kitware/paraview/master/README.md
casadi/casadi,https://raw.githubusercontent.com/casadi/casadi/master/README.md
supermerill/superslicer,https://raw.githubusercontent.com/supermerill/superslicer/master/README.md
microsoft/snmalloc,https://raw.githubusercontent.com/microsoft/snmalloc/master/README.md
xilinx/vitis-ai,https://raw.githubusercontent.com/xilinx/vitis-ai/master/README.md
nasa/fprime,https://raw.githubusercontent.com/nasa/fprime/master/README.md
dwhinham/mt32-pi,https://raw.githubusercontent.com/dwhinham/mt32-pi/master/README.md
pixie-labs/pixie,https://raw.githubusercontent.com/pixie-labs/pixie/master/README.md
serge-sans-paille/pythran,https://raw.githubusercontent.com/serge-sans-paille/pythran/master/README.md
scottbez1/splitflap,https://raw.githubusercontent.com/scottbez1/splitflap/master/README.md
commaai/opendbc,https://raw.githubusercontent.com/commaai/opendbc/master/README.md
smv1999/competitiveprogrammingquestionbank,https://raw.githubusercontent.com/smv1999/competitiveprogrammingquestionbank/master/README.md
uglide/redisdesktopmanager,https://raw.githubusercontent.com/uglide/redisdesktopmanager/master/README.md
tencent/mars,https://raw.githubusercontent.com/tencent/mars/master/README.md
abseil/abseil-cpp,https://raw.githubusercontent.com/abseil/abseil-cpp/master/README.md
werwolv/imhex,https://raw.githubusercontent.com/werwolv/imhex/master/README.md
scylladb/seastar,https://raw.githubusercontent.com/scylladb/seastar/master/README.md
carla-simulator/carla,https://raw.githubusercontent.com/carla-simulator/carla/master/README.md
unetworking/uwebsockets.js,https://raw.githubusercontent.com/unetworking/uwebsockets.js/master/README.md
microsoft/bond,https://raw.githubusercontent.com/microsoft/bond/master/README.md
zeux/meshoptimizer,https://raw.githubusercontent.com/zeux/meshoptimizer/master/README.md
cnjinhao/nana,https://raw.githubusercontent.com/cnjinhao/nana/master/README.md
diligentgraphics/diligentengine,https://raw.githubusercontent.com/diligentgraphics/diligentengine/master/README.md
cxbx-reloaded/cxbx-reloaded,https://raw.githubusercontent.com/cxbx-reloaded/cxbx-reloaded/master/README.md
joseexposito/touchegg,https://raw.githubusercontent.com/joseexposito/touchegg/master/README.md
steveicarus/iverilog,https://raw.githubusercontent.com/steveicarus/iverilog/master/README.md
smorodov/multitarget-tracker,https://raw.githubusercontent.com/smorodov/multitarget-tracker/master/README.md
beep6581/rawtherapee,https://raw.githubusercontent.com/beep6581/rawtherapee/master/README.md
apache/kudu,https://raw.githubusercontent.com/apache/kudu/master/README.md
odriverobotics/odrive,https://raw.githubusercontent.com/odriverobotics/odrive/master/README.md
h2oai/datatable,https://raw.githubusercontent.com/h2oai/datatable/master/README.md
jpd002/play-,https://raw.githubusercontent.com/jpd002/play-/master/README.md
mamba-org/mamba,https://raw.githubusercontent.com/mamba-org/mamba/master/README.md
dtschump/cimg,https://raw.githubusercontent.com/dtschump/cimg/master/README.md
artelnics/opennn,https://raw.githubusercontent.com/artelnics/opennn/master/README.md
qbdi/qbdi,https://raw.githubusercontent.com/qbdi/qbdi/master/README.md
ros-planning/moveit,https://raw.githubusercontent.com/ros-planning/moveit/master/README.md
su2code/su2,https://raw.githubusercontent.com/su2code/su2/master/README.md
rurban/smhasher,https://raw.githubusercontent.com/rurban/smhasher/master/README.md
mfem/mfem,https://raw.githubusercontent.com/mfem/mfem/master/README.md
ient/yuview,https://raw.githubusercontent.com/ient/yuview/master/README.md
idaholab/moose,https://raw.githubusercontent.com/idaholab/moose/master/README.md
ros-planning/navigation2,https://raw.githubusercontent.com/ros-planning/navigation2/master/README.md
ocornut/imgui,https://raw.githubusercontent.com/ocornut/imgui/master/README.md
dmlc/xgboost,https://raw.githubusercontent.com/dmlc/xgboost/master/README.md
google/flatbuffers,https://raw.githubusercontent.com/google/flatbuffers/master/README.md
sqlitebrowser/sqlitebrowser,https://raw.githubusercontent.com/sqlitebrowser/sqlitebrowser/master/README.md
valvesoftware/proton,https://raw.githubusercontent.com/valvesoftware/proton/master/README.md
microsoft/airsim,https://raw.githubusercontent.com/microsoft/airsim/master/README.md
diasurgical/devilution,https://raw.githubusercontent.com/diasurgical/devilution/master/README.md
google/or-tools,https://raw.githubusercontent.com/google/or-tools/master/README.md
draios/sysdig,https://raw.githubusercontent.com/draios/sysdig/master/README.md
facebook/hermes,https://raw.githubusercontent.com/facebook/hermes/master/README.md
johnsully/keydb,https://raw.githubusercontent.com/johnsully/keydb/master/README.md
interpretml/interpret,https://raw.githubusercontent.com/interpretml/interpret/master/README.md
nvidia/dali,https://raw.githubusercontent.com/nvidia/dali/master/README.md
microsoft/verona,https://raw.githubusercontent.com/microsoft/verona/master/README.md
prusa3d/prusaslicer,https://raw.githubusercontent.com/prusa3d/prusaslicer/master/README.md
juce-framework/juce,https://raw.githubusercontent.com/juce-framework/juce/master/README.md
canonical/multipass,https://raw.githubusercontent.com/canonical/multipass/master/README.md
cwida/duckdb,https://raw.githubusercontent.com/cwida/duckdb/master/README.md
openthread/openthread,https://raw.githubusercontent.com/openthread/openthread/master/README.md
cgal/cgal,https://raw.githubusercontent.com/cgal/cgal/master/README.md
osgeo/gdal,https://raw.githubusercontent.com/osgeo/gdal/master/README.md
openscenegraph/openscenegraph,https://raw.githubusercontent.com/openscenegraph/openscenegraph/master/README.md
facebook/mysql-5.6,https://raw.githubusercontent.com/facebook/mysql-5.6/master/README.md
clasp-developers/clasp,https://raw.githubusercontent.com/clasp-developers/clasp/master/README.md
microsoft/directxshadercompiler,https://raw.githubusercontent.com/microsoft/directxshadercompiler/master/README.md
google/orbit,https://raw.githubusercontent.com/google/orbit/master/README.md
newsboat/newsboat,https://raw.githubusercontent.com/newsboat/newsboat/master/README.md
cryfs/cryfs,https://raw.githubusercontent.com/cryfs/cryfs/master/README.md
apache/trafficserver,https://raw.githubusercontent.com/apache/trafficserver/master/README.md
cyberbotics/webots,https://raw.githubusercontent.com/cyberbotics/webots/master/README.md
vygr/chrysalisp,https://raw.githubusercontent.com/vygr/chrysalisp/master/README.md
aws/aws-sdk-cpp,https://raw.githubusercontent.com/aws/aws-sdk-cpp/master/README.md
facebookresearch/habitat-sim,https://raw.githubusercontent.com/facebookresearch/habitat-sim/master/README.md
tiledb-inc/tiledb,https://raw.githubusercontent.com/tiledb-inc/tiledb/master/README.md
project-chip/connectedhomeip,https://raw.githubusercontent.com/project-chip/connectedhomeip/master/README.md
kdab/gammaray,https://raw.githubusercontent.com/kdab/gammaray/master/README.md
bitcoin-abc/bitcoin-abc,https://raw.githubusercontent.com/bitcoin-abc/bitcoin-abc/master/README.md
tencentyun/trtcsdk,https://raw.githubusercontent.com/tencentyun/trtcsdk/master/README.md
trustwallet/wallet-core,https://raw.githubusercontent.com/trustwallet/wallet-core/master/README.md
manticoresoftware/manticoresearch,https://raw.githubusercontent.com/manticoresoftware/manticoresearch/master/README.md
google/perfetto,https://raw.githubusercontent.com/google/perfetto/master/README.md
electron/electron,https://raw.githubusercontent.com/electron/electron/master/README.md
bitcoin/bitcoin,https://raw.githubusercontent.com/bitcoin/bitcoin/master/README.md
tesseract-ocr/tesseract,https://raw.githubusercontent.com/tesseract-ocr/tesseract/master/README.md
google/googletest,https://raw.githubusercontent.com/google/googletest/master/README.md
apolloauto/apollo,https://raw.githubusercontent.com/apolloauto/apollo/master/README.md
telegramdesktop/tdesktop,https://raw.githubusercontent.com/telegramdesktop/tdesktop/master/README.md
ethereum/solidity,https://raw.githubusercontent.com/ethereum/solidity/master/README.md
flameshot-org/flameshot,https://raw.githubusercontent.com/flameshot-org/flameshot/master/README.md
scylladb/scylla,https://raw.githubusercontent.com/scylladb/scylla/master/README.md
mapsme/omim,https://raw.githubusercontent.com/mapsme/omim/master/README.md
microsoft/onnxruntime,https://raw.githubusercontent.com/microsoft/onnxruntime/master/README.md
intel-isl/open3d,https://raw.githubusercontent.com/intel-isl/open3d/master/README.md
rapidsai/cudf,https://raw.githubusercontent.com/rapidsai/cudf/master/README.md
supercollider/supercollider,https://raw.githubusercontent.com/supercollider/supercollider/master/README.md
arvidn/libtorrent,https://raw.githubusercontent.com/arvidn/libtorrent/master/README.md
esphome/esphome,https://raw.githubusercontent.com/esphome/esphome/master/README.md
mixxxdj/mixxx,https://raw.githubusercontent.com/mixxxdj/mixxx/master/README.md
tencent/tendis,https://raw.githubusercontent.com/tencent/tendis/master/README.md
yosyshq/yosys,https://raw.githubusercontent.com/yosyshq/yosys/master/README.md
root-project/root,https://raw.githubusercontent.com/root-project/root/master/README.md
qt/qtbase,https://raw.githubusercontent.com/qt/qtbase/master/README.md
pytorch/xla,https://raw.githubusercontent.com/pytorch/xla/master/README.md
kde/kdenlive,https://raw.githubusercontent.com/kde/kdenlive/master/README.md
dotnet/diagnostics,https://raw.githubusercontent.com/dotnet/diagnostics/master/README.md
swiftwasm/swift,https://raw.githubusercontent.com/swiftwasm/swift/master/README.md
yuzu-emu/yuzu-mainline,https://raw.githubusercontent.com/yuzu-emu/yuzu-mainline/master/README.md
widelands/widelands,https://raw.githubusercontent.com/widelands/widelands/master/README.md
tonybaloney/pyjion,https://raw.githubusercontent.com/tonybaloney/pyjion/master/README.md
brunolevy/learn-fpga,https://raw.githubusercontent.com/brunolevy/learn-fpga/master/README.md
tensorflow/tensorflow,https://raw.githubusercontent.com/tensorflow/tensorflow/master/README.md
protocolbuffers/protobuf,https://raw.githubusercontent.com/protocolbuffers/protobuf/master/README.md
grpc/grpc,https://raw.githubusercontent.com/grpc/grpc/master/README.md
cmu-perceptual-computing-lab/openpose,https://raw.githubusercontent.com/cmu-perceptual-computing-lab/openpose/master/README.md
apache/incubator-mxnet,https://raw.githubusercontent.com/apache/incubator-mxnet/master/README.md
mongodb/mongo,https://raw.githubusercontent.com/mongodb/mongo/master/README.md
facebook/hhvm,https://raw.githubusercontent.com/facebook/hhvm/master/README.md
swoole/swoole-src,https://raw.githubusercontent.com/swoole/swoole-src/master/README.md
facebook/folly,https://raw.githubusercontent.com/facebook/folly/master/README.md
microsoft/react-native-windows,https://raw.githubusercontent.com/microsoft/react-native-windows/master/README.md
microsoft/lightgbm,https://raw.githubusercontent.com/microsoft/lightgbm/master/README.md
xbmc/xbmc,https://raw.githubusercontent.com/xbmc/xbmc/master/README.md
microsoft/vcpkg,https://raw.githubusercontent.com/microsoft/vcpkg/master/README.md
eosio/eos,https://raw.githubusercontent.com/eosio/eos/master/README.md
arangodb/arangodb,https://raw.githubusercontent.com/arangodb/arangodb/master/README.md
google/filament,https://raw.githubusercontent.com/google/filament/master/README.md
apple/foundationdb,https://raw.githubusercontent.com/apple/foundationdb/master/README.md
marlinfirmware/marlin,https://raw.githubusercontent.com/marlinfirmware/marlin/master/README.md
keepassxreboot/keepassxc,https://raw.githubusercontent.com/keepassxreboot/keepassxc/master/README.md
rizinorg/cutter,https://raw.githubusercontent.com/rizinorg/cutter/master/README.md
bkaradzic/bgfx,https://raw.githubusercontent.com/bkaradzic/bgfx/master/README.md
rpcs3/rpcs3,https://raw.githubusercontent.com/rpcs3/rpcs3/master/README.md
ceph/ceph,https://raw.githubusercontent.com/ceph/ceph/master/README.md
freecad/freecad,https://raw.githubusercontent.com/freecad/freecad/master/README.md
facebook/proxygen,https://raw.githubusercontent.com/facebook/proxygen/master/README.md
mawww/kakoune,https://raw.githubusercontent.com/mawww/kakoune/master/README.md
microsoft/stl,https://raw.githubusercontent.com/microsoft/stl/master/README.md
opencv/opencv_contrib,https://raw.githubusercontent.com/opencv/opencv_contrib/master/README.md
minetest/minetest,https://raw.githubusercontent.com/minetest/minetest/master/README.md
intelrealsense/librealsense,https://raw.githubusercontent.com/intelrealsense/librealsense/master/README.md
brndnmtthws/conky,https://raw.githubusercontent.com/brndnmtthws/conky/master/README.md
qgis/qgis,https://raw.githubusercontent.com/qgis/qgis/master/README.md
hoffstadt/dearpygui,https://raw.githubusercontent.com/hoffstadt/dearpygui/master/README.md
mumble-voip/mumble,https://raw.githubusercontent.com/mumble-voip/mumble/master/README.md
urho3d/urho3d,https://raw.githubusercontent.com/urho3d/urho3d/master/README.md
xournalpp/xournalpp,https://raw.githubusercontent.com/xournalpp/xournalpp/master/README.md
cvxgrp/cvxpy,https://raw.githubusercontent.com/cvxgrp/cvxpy/master/README.md
domoticz/domoticz,https://raw.githubusercontent.com/domoticz/domoticz/master/README.md
clementine-player/clementine,https://raw.githubusercontent.com/clementine-player/clementine/master/README.md
facebook/wangle,https://raw.githubusercontent.com/facebook/wangle/master/README.md
actor-framework/actor-framework,https://raw.githubusercontent.com/actor-framework/actor-framework/master/README.md
xoseperez/espurna,https://raw.githubusercontent.com/xoseperez/espurna/master/README.md
tencent/tnn,https://raw.githubusercontent.com/tencent/tnn/master/README.md
facebook/fbthrift,https://raw.githubusercontent.com/facebook/fbthrift/master/README.md
openvinotoolkit/openvino,https://raw.githubusercontent.com/openvinotoolkit/openvino/master/README.md
ardour/ardour,https://raw.githubusercontent.com/ardour/ardour/master/README.md
robotlocomotion/drake,https://raw.githubusercontent.com/robotlocomotion/drake/master/README.md
0ad/0ad,https://raw.githubusercontent.com/0ad/0ad/master/README.md
cloudcompare/cloudcompare,https://raw.githubusercontent.com/cloudcompare/cloudcompare/master/README.md
kitware/vtk,https://raw.githubusercontent.com/kitware/vtk/master/README.md
vectorizedio/redpanda,https://raw.githubusercontent.com/vectorizedio/redpanda/master/README.md
flaxengine/flaxengine,https://raw.githubusercontent.com/flaxengine/flaxengine/master/README.md
nextcloud/desktop,https://raw.githubusercontent.com/nextcloud/desktop/master/README.md
facebookresearch/flashlight,https://raw.githubusercontent.com/facebookresearch/flashlight/master/README.md
otterbrowser/otter-browser,https://raw.githubusercontent.com/otterbrowser/otter-browser/master/README.md
goldencheetah/goldencheetah,https://raw.githubusercontent.com/goldencheetah/goldencheetah/master/README.md
haiku/haiku,https://raw.githubusercontent.com/haiku/haiku/master/README.md
simulationcraft/simc,https://raw.githubusercontent.com/simulationcraft/simc/master/README.md
brave/brave-core,https://raw.githubusercontent.com/brave/brave-core/master/README.md
facebook/bistro,https://raw.githubusercontent.com/facebook/bistro/master/README.md
eclipse/sumo,https://raw.githubusercontent.com/eclipse/sumo/master/README.md
facebookincubator/mvfst,https://raw.githubusercontent.com/facebookincubator/mvfst/master/README.md
modorganizer2/modorganizer,https://raw.githubusercontent.com/modorganizer2/modorganizer/master/README.md
gerbera/gerbera,https://raw.githubusercontent.com/gerbera/gerbera/master/README.md
ifcopenshell/ifcopenshell,https://raw.githubusercontent.com/ifcopenshell/ifcopenshell/master/README.md
google/iree,https://raw.githubusercontent.com/google/iree/master/README.md
nheko-reborn/nheko,https://raw.githubusercontent.com/nheko-reborn/nheko/master/README.md
ihhub/fheroes2,https://raw.githubusercontent.com/ihhub/fheroes2/master/README.md
sachuverma/datastructures-algorithms,https://raw.githubusercontent.com/sachuverma/datastructures-algorithms/master/README.md
paddlepaddle/paddle,https://raw.githubusercontent.com/paddlepaddle/paddle/master/README.md
microsoft/terminal,https://raw.githubusercontent.com/microsoft/terminal/master/README.md
opencv/opencv,https://raw.githubusercontent.com/opencv/opencv/master/README.md
facebook/rocksdb,https://raw.githubusercontent.com/facebook/rocksdb/master/README.md
envoyproxy/envoy,https://raw.githubusercontent.com/envoyproxy/envoy/master/README.md
taichi-dev/taichi,https://raw.githubusercontent.com/taichi-dev/taichi/master/README.md
openrct2/openrct2,https://raw.githubusercontent.com/openrct2/openrct2/master/README.md
dolphin-emu/dolphin,https://raw.githubusercontent.com/dolphin-emu/dolphin/master/README.md
trinitycore/trinitycore,https://raw.githubusercontent.com/trinitycore/trinitycore/master/README.md
musescore/musescore,https://raw.githubusercontent.com/musescore/musescore/master/README.md
pcsx2/pcsx2,https://raw.githubusercontent.com/pcsx2/pcsx2/master/README.md
official-stockfish/stockfish,https://raw.githubusercontent.com/official-stockfish/stockfish/master/README.md
wxwidgets/wxwidgets,https://raw.githubusercontent.com/wxwidgets/wxwidgets/master/README.md
danmar/cppcheck,https://raw.githubusercontent.com/danmar/cppcheck/master/README.md
openttd/openttd,https://raw.githubusercontent.com/openttd/openttd/master/README.md
warzone2100/warzone2100,https://raw.githubusercontent.com/warzone2100/warzone2100/master/README.md
azerothcore/azerothcore-wotlk,https://raw.githubusercontent.com/azerothcore/azerothcore-wotlk/master/README.md
redasmorg/redasm,https://raw.githubusercontent.com/redasmorg/redasm/master/README.md
panosk92/spartanengine,https://raw.githubusercontent.com/panosk92/spartanengine/master/README.md
chatterino/chatterino2,https://raw.githubusercontent.com/chatterino/chatterino2/master/README.md
horsicq/die-engine,https://raw.githubusercontent.com/horsicq/die-engine/master/README.md
chrxh/alien,https://raw.githubusercontent.com/chrxh/alien/master/README.md
godotengine/godot,https://raw.githubusercontent.com/godotengine/godot/master/README.md
clickhouse/clickhouse,https://raw.githubusercontent.com/clickhouse/clickhouse/master/README.md
mamedev/mame,https://raw.githubusercontent.com/mamedev/mame/master/README.md
px4/px4-autopilot,https://raw.githubusercontent.com/px4/px4-autopilot/master/README.md
kde/krita,https://raw.githubusercontent.com/kde/krita/master/README.md
endless-sky/endless-sky,https://raw.githubusercontent.com/endless-sky/endless-sky/master/README.md
scummvm/scummvm,https://raw.githubusercontent.com/scummvm/scummvm/master/README.md
kicad/kicad-source-mirror,https://raw.githubusercontent.com/kicad/kicad-source-mirror/master/README.md
serial-studio/serial-studio,https://raw.githubusercontent.com/serial-studio/serial-studio/master/README.md
yuzu-emu/yuzu,https://raw.githubusercontent.com/yuzu-emu/yuzu/master/README.md
wesnoth/wesnoth,https://raw.githubusercontent.com/wesnoth/wesnoth/master/README.md
notepad-plus-plus/notepad-plus-plus,https://raw.githubusercontent.com/notepad-plus-plus/notepad-plus-plus/master/README.md
apache/arrow,https://raw.githubusercontent.com/apache/arrow/master/README.md
cleverraven/cataclysm-dda,https://raw.githubusercontent.com/cleverraven/cataclysm-dda/master/README.md
ardupilot/ardupilot,https://raw.githubusercontent.com/ardupilot/ardupilot/master/README.md
bluematthew/wechatexporter,https://raw.githubusercontent.com/bluematthew/wechatexporter/master/README.md
mindspore-ai/mindspore,https://raw.githubusercontent.com/mindspore-ai/mindspore/master/README.md
microsoft/win32metadata,https://raw.githubusercontent.com/microsoft/win32metadata/master/README.md
encrypted-def/basic-algo-lecture,https://raw.githubusercontent.com/encrypted-def/basic-algo-lecture/master/README.md
academysoftwarefoundation/openshadinglanguage,https://raw.githubusercontent.com/academysoftwarefoundation/openshadinglanguage/master/README.md
serenityos/serenity,https://raw.githubusercontent.com/serenityos/serenity/master/README.md
apple/swift,https://raw.githubusercontent.com/apple/swift/master/README.md
jyers/marlin,https://raw.githubusercontent.com/jyers/marlin/master/README.md
aspjt/dungeontemplatelibrary,https://raw.githubusercontent.com/aspjt/dungeontemplatelibrary/master/README.md
realm/realm-js,https://raw.githubusercontent.com/realm/realm-js/master/README.md
expresslrs/expresslrs,https://raw.githubusercontent.com/expresslrs/expresslrs/master/README.md
lemonosproject/lemonos,https://raw.githubusercontent.com/lemonosproject/lemonos/master/README.md
pytorch/pytorch,https://raw.githubusercontent.com/pytorch/pytorch/master/README.md
pineappleea/pineapple-src,https://raw.githubusercontent.com/pineappleea/pineapple-src/master/README.md
coqui-ai/stt,https://raw.githubusercontent.com/coqui-ai/stt/master/README.md
kungfu-origin/kungfu,https://raw.githubusercontent.com/kungfu-origin/kungfu/master/README.md
catsout/wallpaper-engine-kde-plugin,https://raw.githubusercontent.com/catsout/wallpaper-engine-kde-plugin/master/README.md
c-smile/sciter-sdk,https://raw.githubusercontent.com/c-smile/sciter-sdk/master/README.md
eq-alpha/keydb,https://raw.githubusercontent.com/eq-alpha/keydb/master/README.md
acm-clan/algorithm-stone,https://raw.githubusercontent.com/acm-clan/algorithm-stone/master/README.md
sonosaurus/sonobus,https://raw.githubusercontent.com/sonosaurus/sonobus/master/README.md
flann-lib/flann,https://raw.githubusercontent.com/flann-lib/flann/master/README.md
organicmaps/organicmaps,https://raw.githubusercontent.com/organicmaps/organicmaps/master/README.md
cvxpy/cvxpy,https://raw.githubusercontent.com/cvxpy/cvxpy/master/README.md
flashlight/flashlight,https://raw.githubusercontent.com/flashlight/flashlight/master/README.md
duckdb/duckdb,https://raw.githubusercontent.com/duckdb/duckdb/master/README.md
index-machines/index,https://raw.githubusercontent.com/index-machines/index/master/README.md
wasmedge/wasmedge,https://raw.githubusercontent.com/wasmedge/wasmedge/master/README.md
onnx/onnx,https://raw.githubusercontent.com/onnx/onnx/master/README.md
srsran/srsran,https://raw.githubusercontent.com/srsran/srsran/master/README.md
kostya/benchmarks,https://raw.githubusercontent.com/kostya/benchmarks/master/README.md
zlmediakit/zlmediakit,https://raw.githubusercontent.com/zlmediakit/zlmediakit/master/README.md
4paradigm/openmldb,https://raw.githubusercontent.com/4paradigm/openmldb/master/README.md
oceanbase/oceanbase,https://raw.githubusercontent.com/oceanbase/oceanbase/master/README.md
praydog/reframework,https://raw.githubusercontent.com/praydog/reframework/master/README.md
alibaba/weex,https://raw.githubusercontent.com/alibaba/weex/master/README.md
openatomfoundation/pika,https://raw.githubusercontent.com/openatomfoundation/pika/master/README.md
kvrockslabs/kvrocks,https://raw.githubusercontent.com/kvrockslabs/kvrocks/master/README.md
contour-terminal/contour,https://raw.githubusercontent.com/contour-terminal/contour/master/README.md
o3de/o3de,https://raw.githubusercontent.com/o3de/o3de/master/README.md
zer0-bit/gaggiuino,https://raw.githubusercontent.com/zer0-bit/gaggiuino/master/README.md
drogonframework/drogon,https://raw.githubusercontent.com/drogonframework/drogon/master/README.md
komputeproject/kompute,https://raw.githubusercontent.com/komputeproject/kompute/master/README.md
flutter/engine,https://raw.githubusercontent.com/flutter/engine/master/README.md
openai/triton,https://raw.githubusercontent.com/openai/triton/master/README.md
kiwibrowser/src.next,https://raw.githubusercontent.com/kiwibrowser/src.next/master/README.md
jrouwe/joltphysics,https://raw.githubusercontent.com/jrouwe/joltphysics/master/README.md
pixie-io/pixie,https://raw.githubusercontent.com/pixie-io/pixie/master/README.md
crownengine/crown,https://raw.githubusercontent.com/crownengine/crown/master/README.md
libcpr/cpr,https://raw.githubusercontent.com/libcpr/cpr/master/README.md
openhwgroup/cva6,https://raw.githubusercontent.com/openhwgroup/cva6/master/README.md
multimc/launcher,https://raw.githubusercontent.com/multimc/launcher/master/README.md
tensorflow/community,https://raw.githubusercontent.com/tensorflow/community/master/README.md
f3d-app/f3d,https://raw.githubusercontent.com/f3d-app/f3d/master/README.md
obs-websocket/obs-websocket,https://raw.githubusercontent.com/obs-websocket/obs-websocket/master/README.md
obsproject/obs-websocket,https://raw.githubusercontent.com/obsproject/obs-websocket/master/README.md
doctest/doctest,https://raw.githubusercontent.com/doctest/doctest/master/README.md
fish-shell/fish-shell,https://raw.githubusercontent.com/fish-shell/fish-shell/master/README.md
skmp/reicast-emulator,https://raw.githubusercontent.com/skmp/reicast-emulator/master/README.md
peregrine-lang/peregrine,https://raw.githubusercontent.com/peregrine-lang/peregrine/master/README.md
polymc/polymc,https://raw.githubusercontent.com/polymc/polymc/master/README.md
idealvin/cocoyaxi,https://raw.githubusercontent.com/idealvin/cocoyaxi/master/README.md
cubefs/cubefs,https://raw.githubusercontent.com/cubefs/cubefs/master/README.md
redpanda-data/redpanda,https://raw.githubusercontent.com/redpanda-data/redpanda/master/README.md
nvidia/torch-tensorrt,https://raw.githubusercontent.com/nvidia/torch-tensorrt/master/README.md
heavyai/heavydb,https://raw.githubusercontent.com/heavyai/heavydb/master/README.md
shaka-project/shaka-packager,https://raw.githubusercontent.com/shaka-project/shaka-packager/master/README.md
brunolevy/geogram,https://raw.githubusercontent.com/brunolevy/geogram/master/README.md
ic005k/ocauxiliarytools,https://raw.githubusercontent.com/ic005k/ocauxiliarytools/master/README.md
erwincoumans/tiny-differentiable-simulator,https://raw.githubusercontent.com/erwincoumans/tiny-differentiable-simulator/master/README.md
maaassistantarknights/maaassistantarknights,https://raw.githubusercontent.com/maaassistantarknights/maaassistantarknights/master/README.md
cocos/cocos-engine,https://raw.githubusercontent.com/cocos/cocos-engine/master/README.md
apache/incubator-kvrocks,https://raw.githubusercontent.com/apache/incubator-kvrocks/master/README.md
vaxerski/hyprland,https://raw.githubusercontent.com/vaxerski/hyprland/master/README.md
wiselibs/better-sqlite3,https://raw.githubusercontent.com/wiselibs/better-sqlite3/master/README.md
ydb-platform/ydb,https://raw.githubusercontent.com/ydb-platform/ydb/master/README.md
userver-framework/userver,https://raw.githubusercontent.com/userver-framework/userver/master/README.md
facebookarchive/bistro,https://raw.githubusercontent.com/facebookarchive/bistro/master/README.md
jmzkchain/jmzk,https://raw.githubusercontent.com/jmzkchain/jmzk/master/README.md
paddlepaddle/fastdeploy,https://raw.githubusercontent.com/paddlepaddle/fastdeploy/master/README.md
iree-org/iree,https://raw.githubusercontent.com/iree-org/iree/master/README.md
idealvin/coost,https://raw.githubusercontent.com/idealvin/coost/master/README.md
lizardbyte/sunshine,https://raw.githubusercontent.com/lizardbyte/sunshine/master/README.md
gazebosim/gazebo-classic,https://raw.githubusercontent.com/gazebosim/gazebo-classic/master/README.md
serenityos/jakt,https://raw.githubusercontent.com/serenityos/jakt/master/README.md
farama-foundation/vizdoom,https://raw.githubusercontent.com/farama-foundation/vizdoom/master/README.md
redisinsight/redisdesktopmanager,https://raw.githubusercontent.com/redisinsight/redisdesktopmanager/master/README.md
apache/mxnet,https://raw.githubusercontent.com/apache/mxnet/master/README.md
nerdlang/nerd,https://raw.githubusercontent.com/nerdlang/nerd/master/README.md
bqi343/cp-notebook,https://raw.githubusercontent.com/bqi343/cp-notebook/master/README.md
kde/ghostwriter,https://raw.githubusercontent.com/kde/ghostwriter/master/README.md
hsutter/cppfront,https://raw.githubusercontent.com/hsutter/cppfront/master/README.md
cp-algorithms/cp-algorithms,https://raw.githubusercontent.com/cp-algorithms/cp-algorithms/master/README.md
godlikepanos/anki-3d-engine,https://raw.githubusercontent.com/godlikepanos/anki-3d-engine/master/README.md
xland/redredstar,https://raw.githubusercontent.com/xland/redredstar/master/README.md
xaymar/obs-streamfx,https://raw.githubusercontent.com/xaymar/obs-streamfx/master/README.md
opendds/opendds,https://raw.githubusercontent.com/opendds/opendds/master/README.md
prismlauncher/prismlauncher,https://raw.githubusercontent.com/prismlauncher/prismlauncher/master/README.md
citizenfx/fivem,https://raw.githubusercontent.com/citizenfx/fivem/master/README.md
mtg/essentia,https://raw.githubusercontent.com/mtg/essentia/master/README.md