name,url
jeresig/processing-js,https://raw.githubusercontent.com/jeresig/processing-js/master/README.md
junit-team/junit4,https://raw.githubusercontent.com/junit-team/junit4/master/README.md
yui/yuicompressor,https://raw.githubusercontent.com/yui/yuicompressor/master/README.md
unclebob/fitnesse,https://raw.githubusercontent.com/unclebob/fitnesse/master/README.md
bpellin/keepassdroid,https://raw.githubusercontent.com/bpellin/keepassdroid/master/README.md
apache/zookeeper,https://raw.githubusercontent.com/apache/zookeeper/master/README.md
twitter4j/twitter4j,https://raw.githubusercontent.com/twitter4j/twitter4j/master/README.md
rzwitserloot/lombok,https://raw.githubusercontent.com/rzwitserloot/lombok/master/README.md
apache/cassandra,https://raw.githubusercontent.com/apache/cassandra/master/README.md
apache/camel,https://raw.githubusercontent.com/apache/camel/master/README.md
apache/hive,https://raw.githubusercontent.com/apache/hive/master/README.md
voldemort/voldemort,https://raw.githubusercontent.com/voldemort/voldemort/master/README.md
apache/maven,https://raw.githubusercontent.com/apache/maven/master/README.md
apache/activemq,https://raw.githubusercontent.com/apache/activemq/master/README.md
simpligility/android-maven-plugin,https://raw.githubusercontent.com/simpligility/android-maven-plugin/master/README.md
apache/httpcomponents-client,https://raw.githubusercontent.com/apache/httpcomponents-client/master/README.md
apache/shiro,https://raw.githubusercontent.com/apache/shiro/master/README.md
liferay/liferay-portal,https://raw.githubusercontent.com/liferay/liferay-portal/master/README.md
tinkerpop/gremlin,https://raw.githubusercontent.com/tinkerpop/gremlin/master/README.md
robotiumtech/robotium,https://raw.githubusercontent.com/robotiumtech/robotium/master/README.md
jberkel/sms-backup-plus,https://raw.githubusercontent.com/jberkel/sms-backup-plus/master/README.md
ervandew/eclim,https://raw.githubusercontent.com/ervandew/eclim/master/README.md
elastic/elasticsearch,https://raw.githubusercontent.com/elastic/elasticsearch/master/README.md
antlr/antlr4,https://raw.githubusercontent.com/antlr/antlr4/master/README.md
tootallnate/java-websocket,https://raw.githubusercontent.com/tootallnate/java-websocket/master/README.md
awaitility/awaitility,https://raw.githubusercontent.com/awaitility/awaitility/master/README.md
tinkerpop/blueprints,https://raw.githubusercontent.com/tinkerpop/blueprints/master/README.md
ether/pad,https://raw.githubusercontent.com/ether/pad/master/README.md
dropwizard/metrics,https://raw.githubusercontent.com/dropwizard/metrics/master/README.md
hierynomus/sshj,https://raw.githubusercontent.com/hierynomus/sshj/master/README.md
aws/aws-sdk-java,https://raw.githubusercontent.com/aws/aws-sdk-java/master/README.md
twitter/elephant-bird,https://raw.githubusercontent.com/twitter/elephant-bird/master/README.md
brianfrankcooper/ycsb,https://raw.githubusercontent.com/brianfrankcooper/ycsb/master/README.md
flyingsaucerproject/flyingsaucer,https://raw.githubusercontent.com/flyingsaucerproject/flyingsaucer/master/README.md
eishay/jvm-serializers,https://raw.githubusercontent.com/eishay/jvm-serializers/master/README.md
apache/jmeter,https://raw.githubusercontent.com/apache/jmeter/master/README.md
todoroo/astrid,https://raw.githubusercontent.com/todoroo/astrid/master/README.md
xetorthio/jedis,https://raw.githubusercontent.com/xetorthio/jedis/master/README.md
cbeust/testng,https://raw.githubusercontent.com/cbeust/testng/master/README.md
atmosphere/atmosphere,https://raw.githubusercontent.com/atmosphere/atmosphere/master/README.md
cbeust/jcommander,https://raw.githubusercontent.com/cbeust/jcommander/master/README.md
vrapper/vrapper,https://raw.githubusercontent.com/vrapper/vrapper/master/README.md
mongodb/mongo-hadoop,https://raw.githubusercontent.com/mongodb/mongo-hadoop/master/README.md
go-lang-plugin-org/go-lang-idea-plugin,https://raw.githubusercontent.com/go-lang-plugin-org/go-lang-idea-plugin/master/README.md
jackpal/android-terminal-emulator,https://raw.githubusercontent.com/jackpal/android-terminal-emulator/master/README.md
arduino/arduino,https://raw.githubusercontent.com/arduino/arduino/master/README.md
rabbitmq/rabbitmq-tutorials,https://raw.githubusercontent.com/rabbitmq/rabbitmq-tutorials/master/README.md
hibernate/hibernate-orm,https://raw.githubusercontent.com/hibernate/hibernate-orm/master/README.md
geometer/fbreaderj,https://raw.githubusercontent.com/geometer/fbreaderj/master/README.md
phonegap/phonegap-plugins,https://raw.githubusercontent.com/phonegap/phonegap-plugins/master/README.md
modelmapper/modelmapper,https://raw.githubusercontent.com/modelmapper/modelmapper/master/README.md
functionaljava/functionaljava,https://raw.githubusercontent.com/functionaljava/functionaljava/master/README.md
jenkinsci/jenkins,https://raw.githubusercontent.com/jenkinsci/jenkins/master/README.md
spring-projects/spring-framework,https://raw.githubusercontent.com/spring-projects/spring-framework/master/README.md
rstudio/rstudio,https://raw.githubusercontent.com/rstudio/rstudio/master/README.md
validator/validator,https://raw.githubusercontent.com/validator/validator/master/README.md
spockframework/spock,https://raw.githubusercontent.com/spockframework/spock/master/README.md
bukkit/bukkit,https://raw.githubusercontent.com/bukkit/bukkit/master/README.md
p6spy/p6spy,https://raw.githubusercontent.com/p6spy/p6spy/master/README.md
sonarsource/sonarqube,https://raw.githubusercontent.com/sonarsource/sonarqube/master/README.md
osmandapp/osmand,https://raw.githubusercontent.com/osmandapp/osmand/master/README.md
json-path/jsonpath,https://raw.githubusercontent.com/json-path/jsonpath/master/README.md
k9mail/k-9,https://raw.githubusercontent.com/k9mail/k-9/master/README.md
android-async-http/android-async-http,https://raw.githubusercontent.com/android-async-http/android-async-http/master/README.md
kiegroup/drools,https://raw.githubusercontent.com/kiegroup/drools/master/README.md
kiegroup/optaplanner,https://raw.githubusercontent.com/kiegroup/optaplanner/master/README.md
guardianproject/chatsecureandroid,https://raw.githubusercontent.com/guardianproject/chatsecureandroid/master/README.md
slapperwan/gh4a,https://raw.githubusercontent.com/slapperwan/gh4a/master/README.md
spring-projects/greenhouse,https://raw.githubusercontent.com/spring-projects/greenhouse/master/README.md
movingblocks/terasology,https://raw.githubusercontent.com/movingblocks/terasology/master/README.md
twitter-archive/commons,https://raw.githubusercontent.com/twitter-archive/commons/master/README.md
jakewharton/actionbarsherlock,https://raw.githubusercontent.com/jakewharton/actionbarsherlock/master/README.md
sqlcipher/android-database-sqlcipher,https://raw.githubusercontent.com/sqlcipher/android-database-sqlcipher/master/README.md
indy256/codelibrary,https://raw.githubusercontent.com/indy256/codelibrary/master/README.md
fqrouter/fqrouter,https://raw.githubusercontent.com/fqrouter/fqrouter/master/README.md
java-native-access/jna,https://raw.githubusercontent.com/java-native-access/jna/master/README.md
perwendel/spark,https://raw.githubusercontent.com/perwendel/spark/master/README.md
jodaorg/joda-time,https://raw.githubusercontent.com/jodaorg/joda-time/master/README.md
aaberg/sql2o,https://raw.githubusercontent.com/aaberg/sql2o/master/README.md
wizcorp/phonegap-facebook-plugin,https://raw.githubusercontent.com/wizcorp/phonegap-facebook-plugin/master/README.md
dius/java-faker,https://raw.githubusercontent.com/dius/java-faker/master/README.md
nayuki/project-euler-solutions,https://raw.githubusercontent.com/nayuki/project-euler-solutions/master/README.md
eclipse-vertx/vert.x,https://raw.githubusercontent.com/eclipse-vertx/vert.x/master/README.md
wisser/jailer,https://raw.githubusercontent.com/wisser/jailer/master/README.md
gitblit/gitblit,https://raw.githubusercontent.com/gitblit/gitblit/master/README.md
mendhak/gpslogger,https://raw.githubusercontent.com/mendhak/gpslogger/master/README.md
angryip/ipscan,https://raw.githubusercontent.com/angryip/ipscan/master/README.md
java-json-tools/json-schema-validator,https://raw.githubusercontent.com/java-json-tools/json-schema-validator/master/README.md
mpetazzoni/ttorrent,https://raw.githubusercontent.com/mpetazzoni/ttorrent/master/README.md
swagger-api/swagger-core,https://raw.githubusercontent.com/swagger-api/swagger-core/master/README.md
liquibase/liquibase,https://raw.githubusercontent.com/liquibase/liquibase/master/README.md
rajawali/rajawali,https://raw.githubusercontent.com/rajawali/rajawali/master/README.md
cgeo/cgeo,https://raw.githubusercontent.com/cgeo/cgeo/master/README.md
eclipse/jetty.project,https://raw.githubusercontent.com/eclipse/jetty.project/master/README.md
netflix/curator,https://raw.githubusercontent.com/netflix/curator/master/README.md
netflix/astyanax,https://raw.githubusercontent.com/netflix/astyanax/master/README.md
netflix/priam,https://raw.githubusercontent.com/netflix/priam/master/README.md
spring-projects/spring-security-oauth,https://raw.githubusercontent.com/spring-projects/spring-security-oauth/master/README.md
spring-projects/spring-integration,https://raw.githubusercontent.com/spring-projects/spring-integration/master/README.md
querydsl/querydsl,https://raw.githubusercontent.com/querydsl/querydsl/master/README.md
apache/kafka,https://raw.githubusercontent.com/apache/kafka/master/README.md
jetbrains/mps,https://raw.githubusercontent.com/jetbrains/mps/master/README.md
lightbody/browsermob-proxy,https://raw.githubusercontent.com/lightbody/browsermob-proxy/master/README.md
pockethub/pockethub,https://raw.githubusercontent.com/pockethub/pockethub/master/README.md
androidquery/androidquery,https://raw.githubusercontent.com/androidquery/androidquery/master/README.md
nathanmarz/storm,https://raw.githubusercontent.com/nathanmarz/storm/master/README.md
groovy/groovy-core,https://raw.githubusercontent.com/groovy/groovy-core/master/README.md
robobinding/robobinding,https://raw.githubusercontent.com/robobinding/robobinding/master/README.md
opensagres/xdocreport,https://raw.githubusercontent.com/opensagres/xdocreport/master/README.md
voltdb/voltdb,https://raw.githubusercontent.com/voltdb/voltdb/master/README.md
apache/tomcat,https://raw.githubusercontent.com/apache/tomcat/master/README.md
tomakehurst/wiremock,https://raw.githubusercontent.com/tomakehurst/wiremock/master/README.md
greenrobot/greendao,https://raw.githubusercontent.com/greenrobot/greendao/master/README.md
gephi/gephi,https://raw.githubusercontent.com/gephi/gephi/master/README.md
chewiebug/gcviewer,https://raw.githubusercontent.com/chewiebug/gcviewer/master/README.md
internetarchive/heritrix3,https://raw.githubusercontent.com/internetarchive/heritrix3/master/README.md
mitreid-connect/openid-connect-java-spring-server,https://raw.githubusercontent.com/mitreid-connect/openid-connect-java-spring-server/master/README.md
alibaba/fastjson,https://raw.githubusercontent.com/alibaba/fastjson/master/README.md
geoserver/geoserver,https://raw.githubusercontent.com/geoserver/geoserver/master/README.md
geotools/geotools,https://raw.githubusercontent.com/geotools/geotools/master/README.md
nicolasgramlich/andengine,https://raw.githubusercontent.com/nicolasgramlich/andengine/master/README.md
nostra13/android-universal-image-loader,https://raw.githubusercontent.com/nostra13/android-universal-image-loader/master/README.md
lightbend/config,https://raw.githubusercontent.com/lightbend/config/master/README.md
jmxtrans/jmxtrans,https://raw.githubusercontent.com/jmxtrans/jmxtrans/master/README.md
azure/azure-sdk-for-java,https://raw.githubusercontent.com/azure/azure-sdk-for-java/master/README.md
resteasy/resteasy,https://raw.githubusercontent.com/resteasy/resteasy/master/README.md
signalapp/signal-android,https://raw.githubusercontent.com/signalapp/signal-android/master/README.md
netflix/servo,https://raw.githubusercontent.com/netflix/servo/master/README.md
marytts/marytts,https://raw.githubusercontent.com/marytts/marytts/master/README.md
goldmansachs/gs-collections,https://raw.githubusercontent.com/goldmansachs/gs-collections/master/README.md
yasserg/crawler4j,https://raw.githubusercontent.com/yasserg/crawler4j/master/README.md
jlegewie/zotfile,https://raw.githubusercontent.com/jlegewie/zotfile/master/README.md
androidannotations/androidannotations,https://raw.githubusercontent.com/androidannotations/androidannotations/master/README.md
spring-projects/spring-security,https://raw.githubusercontent.com/spring-projects/spring-security/master/README.md
mrniko/netty-socketio,https://raw.githubusercontent.com/mrniko/netty-socketio/master/README.md
soabase/exhibitor,https://raw.githubusercontent.com/soabase/exhibitor/master/README.md
dozermapper/dozer,https://raw.githubusercontent.com/dozermapper/dozer/master/README.md
minecraftforge/minecraftforge,https://raw.githubusercontent.com/minecraftforge/minecraftforge/master/README.md
petrnohejl/android-templates-and-utilities,https://raw.githubusercontent.com/petrnohejl/android-templates-and-utilities/master/README.md
richardwilly98/elasticsearch-river-mongodb,https://raw.githubusercontent.com/richardwilly98/elasticsearch-river-mongodb/master/README.md
ajanata/pretendyourexyzzy,https://raw.githubusercontent.com/ajanata/pretendyourexyzzy/master/README.md
pgjdbc/pgjdbc,https://raw.githubusercontent.com/pgjdbc/pgjdbc/master/README.md
cloudfoundry/uaa,https://raw.githubusercontent.com/cloudfoundry/uaa/master/README.md
springside/springside4,https://raw.githubusercontent.com/springside/springside4/master/README.md
thinkaurelius/titan,https://raw.githubusercontent.com/thinkaurelius/titan/master/README.md
prototik/holoeverywhere,https://raw.githubusercontent.com/prototik/holoeverywhere/master/README.md
open-keychain/open-keychain,https://raw.githubusercontent.com/open-keychain/open-keychain/master/README.md
commonsguy/cw-omnibus,https://raw.githubusercontent.com/commonsguy/cw-omnibus/master/README.md
pentaho/mondrian,https://raw.githubusercontent.com/pentaho/mondrian/master/README.md
hazelcast/hazelcast,https://raw.githubusercontent.com/hazelcast/hazelcast/master/README.md
detro/ghostdriver,https://raw.githubusercontent.com/detro/ghostdriver/master/README.md
bitcoin-wallet/bitcoin-wallet,https://raw.githubusercontent.com/bitcoin-wallet/bitcoin-wallet/master/README.md
hamcrest/javahamcrest,https://raw.githubusercontent.com/hamcrest/javahamcrest/master/README.md
rovo89/xposedinstaller,https://raw.githubusercontent.com/rovo89/xposedinstaller/master/README.md
jgrapht/jgrapht,https://raw.githubusercontent.com/jgrapht/jgrapht/master/README.md
aosp-mirror/platform_frameworks_support,https://raw.githubusercontent.com/aosp-mirror/platform_frameworks_support/master/README.md
traccar/traccar,https://raw.githubusercontent.com/traccar/traccar/master/README.md
buildcraft/buildcraft,https://raw.githubusercontent.com/buildcraft/buildcraft/master/README.md
jfinal/jfinal,https://raw.githubusercontent.com/jfinal/jfinal/master/README.md
twitter/ambrose,https://raw.githubusercontent.com/twitter/ambrose/master/README.md
magefree/mage,https://raw.githubusercontent.com/magefree/mage/master/README.md
springfox/springfox,https://raw.githubusercontent.com/springfox/springfox/master/README.md
spring-projects/spring-hateoas,https://raw.githubusercontent.com/spring-projects/spring-hateoas/master/README.md
plutext/docx4j,https://raw.githubusercontent.com/plutext/docx4j/master/README.md
find-sec-bugs/find-sec-bugs,https://raw.githubusercontent.com/find-sec-bugs/find-sec-bugs/master/README.md
jersey/jersey,https://raw.githubusercontent.com/jersey/jersey/master/README.md
thymeleaf/thymeleaf,https://raw.githubusercontent.com/thymeleaf/thymeleaf/master/README.md
codinguser/gnucash-android,https://raw.githubusercontent.com/codinguser/gnucash-android/master/README.md
searchbox-io/jest,https://raw.githubusercontent.com/searchbox-io/jest/master/README.md
sarxos/webcam-capture,https://raw.githubusercontent.com/sarxos/webcam-capture/master/README.md
jknack/handlebars.java,https://raw.githubusercontent.com/jknack/handlebars.java/master/README.md
openzipkin/zipkin,https://raw.githubusercontent.com/openzipkin/zipkin/master/README.md
ninjaframework/ninja,https://raw.githubusercontent.com/ninjaframework/ninja/master/README.md
apache/dubbo,https://raw.githubusercontent.com/apache/dubbo/master/README.md
naver/ngrinder,https://raw.githubusercontent.com/naver/ngrinder/master/README.md
sable/soot,https://raw.githubusercontent.com/sable/soot/master/README.md
netflix/simianarmy,https://raw.githubusercontent.com/netflix/simianarmy/master/README.md
greenrobot/eventbus,https://raw.githubusercontent.com/greenrobot/eventbus/master/README.md
ron190/jsql-injection,https://raw.githubusercontent.com/ron190/jsql-injection/master/README.md
netflix/eureka,https://raw.githubusercontent.com/netflix/eureka/master/README.md
qii/weiciyuan,https://raw.githubusercontent.com/qii/weiciyuan/master/README.md
zeromq/jeromq,https://raw.githubusercontent.com/zeromq/jeromq/master/README.md
square/dagger,https://raw.githubusercontent.com/square/dagger/master/README.md
prestodb/presto,https://raw.githubusercontent.com/prestodb/presto/master/README.md
unofficial-openjdk/openjdk,https://raw.githubusercontent.com/unofficial-openjdk/openjdk/master/README.md
nanohttpd/nanohttpd,https://raw.githubusercontent.com/nanohttpd/nanohttpd/master/README.md
roboguice/roboguice,https://raw.githubusercontent.com/roboguice/roboguice/master/README.md
jankotek/mapdb,https://raw.githubusercontent.com/jankotek/mapdb/master/README.md
jetbrains/intellij-plugins,https://raw.githubusercontent.com/jetbrains/intellij-plugins/master/README.md
koush/androidasync,https://raw.githubusercontent.com/koush/androidasync/master/README.md
nlpchina/ansj_seg,https://raw.githubusercontent.com/nlpchina/ansj_seg/master/README.md
apache/drill,https://raw.githubusercontent.com/apache/drill/master/README.md
oblac/jodd,https://raw.githubusercontent.com/oblac/jodd/master/README.md
fossasia/phimpme-android,https://raw.githubusercontent.com/fossasia/phimpme-android/master/README.md
pi4j/pi4j,https://raw.githubusercontent.com/pi4j/pi4j/master/README.md
hdrhistogram/hdrhistogram,https://raw.githubusercontent.com/hdrhistogram/hdrhistogram/master/README.md
freeplane/freeplane,https://raw.githubusercontent.com/freeplane/freeplane/master/README.md
stephanenicolas/robospice,https://raw.githubusercontent.com/stephanenicolas/robospice/master/README.md
linkedin/parseq,https://raw.githubusercontent.com/linkedin/parseq/master/README.md
lmax-exchange/disruptor,https://raw.githubusercontent.com/lmax-exchange/disruptor/master/README.md
jesusfreke/smali,https://raw.githubusercontent.com/jesusfreke/smali/master/README.md
vanilla-music/vanilla,https://raw.githubusercontent.com/vanilla-music/vanilla/master/README.md
automattic/simplenote-android,https://raw.githubusercontent.com/automattic/simplenote-android/master/README.md
jcodec/jcodec,https://raw.githubusercontent.com/jcodec/jcodec/master/README.md
pf4j/pf4j,https://raw.githubusercontent.com/pf4j/pf4j/master/README.md
openrefine/openrefine,https://raw.githubusercontent.com/openrefine/openrefine/master/README.md
spring-projects/spring-boot,https://raw.githubusercontent.com/spring-projects/spring-boot/master/README.md
apache/druid,https://raw.githubusercontent.com/apache/druid/master/README.md
neo4j/neo4j,https://raw.githubusercontent.com/neo4j/neo4j/master/README.md
netflix/hystrix,https://raw.githubusercontent.com/netflix/hystrix/master/README.md
datastax/java-driver,https://raw.githubusercontent.com/datastax/java-driver/master/README.md
oldmanpushcart/greys-anatomy,https://raw.githubusercontent.com/oldmanpushcart/greys-anatomy/master/README.md
journeyapps/zxing-android-embedded,https://raw.githubusercontent.com/journeyapps/zxing-android-embedded/master/README.md
orika-mapper/orika,https://raw.githubusercontent.com/orika-mapper/orika/master/README.md
alluxio/alluxio,https://raw.githubusercontent.com/alluxio/alluxio/master/README.md
lwjgl/lwjgl3,https://raw.githubusercontent.com/lwjgl/lwjgl3/master/README.md
pebbletemplates/pebble,https://raw.githubusercontent.com/pebbletemplates/pebble/master/README.md
robovm/robovm,https://raw.githubusercontent.com/robovm/robovm/master/README.md
spring-projects/spring-petclinic,https://raw.githubusercontent.com/spring-projects/spring-petclinic/master/README.md
alibaba/canal,https://raw.githubusercontent.com/alibaba/canal/master/README.md
seleniumhq/selenium,https://raw.githubusercontent.com/seleniumhq/selenium/master/README.md
netflix/ribbon,https://raw.githubusercontent.com/netflix/ribbon/master/README.md
ratpack/ratpack,https://raw.githubusercontent.com/ratpack/ratpack/master/README.md
processing/processing,https://raw.githubusercontent.com/processing/processing/master/README.md
openpnp/openpnp,https://raw.githubusercontent.com/openpnp/openpnp/master/README.md
koral--/android-gif-drawable,https://raw.githubusercontent.com/koral--/android-gif-drawable/master/README.md
redsolution/xabber-android,https://raw.githubusercontent.com/redsolution/xabber-android/master/README.md
google/dagger,https://raw.githubusercontent.com/google/dagger/master/README.md
prometheus/client_java,https://raw.githubusercontent.com/prometheus/client_java/master/README.md
h2oai/h2o-2,https://raw.githubusercontent.com/h2oai/h2o-2/master/README.md
bastillion-io/bastillion,https://raw.githubusercontent.com/bastillion-io/bastillion/master/README.md
netflix/evcache,https://raw.githubusercontent.com/netflix/evcache/master/README.md
ikarus23/mifareclassictool,https://raw.githubusercontent.com/ikarus23/mifareclassictool/master/README.md
mock-server/mockserver,https://raw.githubusercontent.com/mock-server/mockserver/master/README.md
jbake-org/jbake,https://raw.githubusercontent.com/jbake-org/jbake/master/README.md
logstash/logstash-logback-encoder,https://raw.githubusercontent.com/logstash/logstash-logback-encoder/master/README.md
jakewharton/butterknife,https://raw.githubusercontent.com/jakewharton/butterknife/master/README.md
j256/ormlite-android,https://raw.githubusercontent.com/j256/ormlite-android/master/README.md
j-easy/easy-rules,https://raw.githubusercontent.com/j-easy/easy-rules/master/README.md
netflix/zuul,https://raw.githubusercontent.com/netflix/zuul/master/README.md
joel-costigliola/assertj-core,https://raw.githubusercontent.com/joel-costigliola/assertj-core/master/README.md
nhaarman/listviewanimations,https://raw.githubusercontent.com/nhaarman/listviewanimations/master/README.md
code-troopers/android-betterpickers,https://raw.githubusercontent.com/code-troopers/android-betterpickers/master/README.md
athou/commafeed,https://raw.githubusercontent.com/athou/commafeed/master/README.md
puniverse/quasar,https://raw.githubusercontent.com/puniverse/quasar/master/README.md
graphhopper/jsprit,https://raw.githubusercontent.com/graphhopper/jsprit/master/README.md
hekailiang/squirrel,https://raw.githubusercontent.com/hekailiang/squirrel/master/README.md
1hakr/anexplorer,https://raw.githubusercontent.com/1hakr/anexplorer/master/README.md
mixi-inc/androidtraining,https://raw.githubusercontent.com/mixi-inc/androidtraining/master/README.md
openzipkin/brave,https://raw.githubusercontent.com/openzipkin/brave/master/README.md
facebook/buck,https://raw.githubusercontent.com/facebook/buck/master/README.md
morphiaorg/morphia,https://raw.githubusercontent.com/morphiaorg/morphia/master/README.md
brave/link-bubble,https://raw.githubusercontent.com/brave/link-bubble/master/README.md
eugenp/tutorials,https://raw.githubusercontent.com/eugenp/tutorials/master/README.md
apache/cloudstack,https://raw.githubusercontent.com/apache/cloudstack/master/README.md
opensourcebim/bimserver,https://raw.githubusercontent.com/opensourcebim/bimserver/master/README.md
couchbase/couchbase-lite-android,https://raw.githubusercontent.com/couchbase/couchbase-lite-android/master/README.md
googlemaps/android-maps-utils,https://raw.githubusercontent.com/googlemaps/android-maps-utils/master/README.md
j-easy/easy-random,https://raw.githubusercontent.com/j-easy/easy-random/master/README.md
mcxiaoke/android-volley,https://raw.githubusercontent.com/mcxiaoke/android-volley/master/README.md
google/auto,https://raw.githubusercontent.com/google/auto/master/README.md
koush/ion,https://raw.githubusercontent.com/koush/ion/master/README.md
jboss-javassist/javassist,https://raw.githubusercontent.com/jboss-javassist/javassist/master/README.md
m66b/xprivacy,https://raw.githubusercontent.com/m66b/xprivacy/master/README.md
ahmetaa/zemberek-nlp,https://raw.githubusercontent.com/ahmetaa/zemberek-nlp/master/README.md
glyptodon/guacamole-client,https://raw.githubusercontent.com/glyptodon/guacamole-client/master/README.md
mgarin/weblaf,https://raw.githubusercontent.com/mgarin/weblaf/master/README.md
ff4j/ff4j,https://raw.githubusercontent.com/ff4j/ff4j/master/README.md
joelittlejohn/jsonschema2pojo,https://raw.githubusercontent.com/joelittlejohn/jsonschema2pojo/master/README.md
stanfordnlp/corenlp,https://raw.githubusercontent.com/stanfordnlp/corenlp/master/README.md
erickok/transdroid,https://raw.githubusercontent.com/erickok/transdroid/master/README.md
keycloak/keycloak,https://raw.githubusercontent.com/keycloak/keycloak/master/README.md
johncarl81/parceler,https://raw.githubusercontent.com/johncarl81/parceler/master/README.md
luontola/retrolambda,https://raw.githubusercontent.com/luontola/retrolambda/master/README.md
ata4/disunity,https://raw.githubusercontent.com/ata4/disunity/master/README.md
stagemonitor/stagemonitor,https://raw.githubusercontent.com/stagemonitor/stagemonitor/master/README.md
jchambers/pushy,https://raw.githubusercontent.com/jchambers/pushy/master/README.md
languagetool-org/languagetool,https://raw.githubusercontent.com/languagetool-org/languagetool/master/README.md
bilibili/danmakuflamemaster,https://raw.githubusercontent.com/bilibili/danmakuflamemaster/master/README.md
katzer/cordova-plugin-local-notifications,https://raw.githubusercontent.com/katzer/cordova-plugin-local-notifications/master/README.md
komoot/photon,https://raw.githubusercontent.com/komoot/photon/master/README.md
javaee-samples/javaee7-samples,https://raw.githubusercontent.com/javaee-samples/javaee7-samples/master/README.md
checkstyle/checkstyle,https://raw.githubusercontent.com/checkstyle/checkstyle/master/README.md
cjlin1/libsvm,https://raw.githubusercontent.com/cjlin1/libsvm/master/README.md
sannies/mp4parser,https://raw.githubusercontent.com/sannies/mp4parser/master/README.md
galenframework/galen,https://raw.githubusercontent.com/galenframework/galen/master/README.md
gabrielemariotti/cardslib,https://raw.githubusercontent.com/gabrielemariotti/cardslib/master/README.md
openhab/openhab1-addons,https://raw.githubusercontent.com/openhab/openhab1-addons/master/README.md
torakiki/pdfsam,https://raw.githubusercontent.com/torakiki/pdfsam/master/README.md
adoptopenjdk/jitwatch,https://raw.githubusercontent.com/adoptopenjdk/jitwatch/master/README.md
fxmisc/richtextfx,https://raw.githubusercontent.com/fxmisc/richtextfx/master/README.md
syncany/syncany,https://raw.githubusercontent.com/syncany/syncany/master/README.md
brettwooldridge/hikaricp,https://raw.githubusercontent.com/brettwooldridge/hikaricp/master/README.md
pentaho/pentaho-kettle,https://raw.githubusercontent.com/pentaho/pentaho-kettle/master/README.md
mplushnikov/lombok-intellij-plugin,https://raw.githubusercontent.com/mplushnikov/lombok-intellij-plugin/master/README.md
apilayer/restcountries,https://raw.githubusercontent.com/apilayer/restcountries/master/README.md
jphp-group/jphp,https://raw.githubusercontent.com/jphp-group/jphp/master/README.md
drklo/telegram,https://raw.githubusercontent.com/drklo/telegram/master/README.md
yinwang0/pysonar2,https://raw.githubusercontent.com/yinwang0/pysonar2/master/README.md
apache/storm,https://raw.githubusercontent.com/apache/storm/master/README.md
inria/spoon,https://raw.githubusercontent.com/inria/spoon/master/README.md
owasp/securityshepherd,https://raw.githubusercontent.com/owasp/securityshepherd/master/README.md
reactivex/rxnetty,https://raw.githubusercontent.com/reactivex/rxnetty/master/README.md
phishman3579/java-algorithms-implementation,https://raw.githubusercontent.com/phishman3579/java-algorithms-implementation/master/README.md
cellularprivacy/android-imsi-catcher-detector,https://raw.githubusercontent.com/cellularprivacy/android-imsi-catcher-detector/master/README.md
eclipse/deeplearning4j,https://raw.githubusercontent.com/eclipse/deeplearning4j/master/README.md
itext/itextpdf,https://raw.githubusercontent.com/itext/itextpdf/master/README.md
twosigma/beakerx,https://raw.githubusercontent.com/twosigma/beakerx/master/README.md
ruedigermoeller/fast-serialization,https://raw.githubusercontent.com/ruedigermoeller/fast-serialization/master/README.md
gocd/gocd,https://raw.githubusercontent.com/gocd/gocd/master/README.md
jbox2d/jbox2d,https://raw.githubusercontent.com/jbox2d/jbox2d/master/README.md
dlew/joda-time-android,https://raw.githubusercontent.com/dlew/joda-time-android/master/README.md
guoguibing/librec,https://raw.githubusercontent.com/guoguibing/librec/master/README.md
calebfenton/simplify,https://raw.githubusercontent.com/calebfenton/simplify/master/README.md
protostuff/protostuff,https://raw.githubusercontent.com/protostuff/protostuff/master/README.md
vavr-io/vavr,https://raw.githubusercontent.com/vavr-io/vavr/master/README.md
spring-projects/spring-data-examples,https://raw.githubusercontent.com/spring-projects/spring-data-examples/master/README.md
mycollab/mycollab,https://raw.githubusercontent.com/mycollab/mycollab/master/README.md
cryptomator/cryptomator,https://raw.githubusercontent.com/cryptomator/cryptomator/master/README.md
igniterealtime/smack,https://raw.githubusercontent.com/igniterealtime/smack/master/README.md
wiztools/rest-client,https://raw.githubusercontent.com/wiztools/rest-client/master/README.md
jvm-profiling-tools/honest-profiler,https://raw.githubusercontent.com/jvm-profiling-tools/honest-profiler/master/README.md
telegram-foss-team/telegram-foss,https://raw.githubusercontent.com/telegram-foss-team/telegram-foss/master/README.md
reactive-streams/reactive-streams-jvm,https://raw.githubusercontent.com/reactive-streams/reactive-streams-jvm/master/README.md
jooq/jool,https://raw.githubusercontent.com/jooq/jool/master/README.md
osmdroid/osmdroid,https://raw.githubusercontent.com/osmdroid/osmdroid/master/README.md
jabref/jabref,https://raw.githubusercontent.com/jabref/jabref/master/README.md
bisq-network/bisq,https://raw.githubusercontent.com/bisq-network/bisq/master/README.md
ysc/word,https://raw.githubusercontent.com/ysc/word/master/README.md
fabric8io/docker-maven-plugin,https://raw.githubusercontent.com/fabric8io/docker-maven-plugin/master/README.md
cglib/cglib,https://raw.githubusercontent.com/cglib/cglib/master/README.md
cmusphinx/sphinx4,https://raw.githubusercontent.com/cmusphinx/sphinx4/master/README.md
rapidoid/rapidoid,https://raw.githubusercontent.com/rapidoid/rapidoid/master/README.md
looly/hutool,https://raw.githubusercontent.com/looly/hutool/master/README.md
pinterest/secor,https://raw.githubusercontent.com/pinterest/secor/master/README.md
google/closure-compiler,https://raw.githubusercontent.com/google/closure-compiler/master/README.md
puniverse/capsule,https://raw.githubusercontent.com/puniverse/capsule/master/README.md
siddhi-io/siddhi,https://raw.githubusercontent.com/siddhi-io/siddhi/master/README.md
bytedeco/javacpp-presets,https://raw.githubusercontent.com/bytedeco/javacpp-presets/master/README.md
microg/android_packages_apps_gmscore,https://raw.githubusercontent.com/microg/android_packages_apps_gmscore/master/README.md
flipkart-incubator/proteus,https://raw.githubusercontent.com/flipkart-incubator/proteus/master/README.md
questdb/questdb,https://raw.githubusercontent.com/questdb/questdb/master/README.md
teammates/teammates,https://raw.githubusercontent.com/teammates/teammates/master/README.md
lettuce-io/lettuce-core,https://raw.githubusercontent.com/lettuce-io/lettuce-core/master/README.md
jindrapetrik/jpexs-decompiler,https://raw.githubusercontent.com/jindrapetrik/jpexs-decompiler/master/README.md
leibnitz27/cfr,https://raw.githubusercontent.com/leibnitz27/cfr/master/README.md
ethereum/ethereumj,https://raw.githubusercontent.com/ethereum/ethereumj/master/README.md
claritylab/lucida,https://raw.githubusercontent.com/claritylab/lucida/master/README.md
openhab/openhab-addons,https://raw.githubusercontent.com/openhab/openhab-addons/master/README.md
seven332/ehviewer,https://raw.githubusercontent.com/seven332/ehviewer/master/README.md
asciidocfx/asciidocfx,https://raw.githubusercontent.com/asciidocfx/asciidocfx/master/README.md
apache/incubator-pinot,https://raw.githubusercontent.com/apache/incubator-pinot/master/README.md
apache/hbase,https://raw.githubusercontent.com/apache/hbase/master/README.md
apache/mahout,https://raw.githubusercontent.com/apache/mahout/master/README.md
spotify/helios,https://raw.githubusercontent.com/spotify/helios/master/README.md
powermock/powermock,https://raw.githubusercontent.com/powermock/powermock/master/README.md
google/guava,https://raw.githubusercontent.com/google/guava/master/README.md
knightliao/disconf,https://raw.githubusercontent.com/knightliao/disconf/master/README.md
spotify/docker-client,https://raw.githubusercontent.com/spotify/docker-client/master/README.md
apache/flink,https://raw.githubusercontent.com/apache/flink/master/README.md
kymjs/kjframeforandroid,https://raw.githubusercontent.com/kymjs/kjframeforandroid/master/README.md
cymcsg/ultimateandroid,https://raw.githubusercontent.com/cymcsg/ultimateandroid/master/README.md
apache/parquet-mr,https://raw.githubusercontent.com/apache/parquet-mr/master/README.md
bazelbuild/bazel,https://raw.githubusercontent.com/bazelbuild/bazel/master/README.md
google/exoplayer,https://raw.githubusercontent.com/google/exoplayer/master/README.md
chrisbanes/philm,https://raw.githubusercontent.com/chrisbanes/philm/master/README.md
spotify/docker-maven-plugin,https://raw.githubusercontent.com/spotify/docker-maven-plugin/master/README.md
jamesagnew/hapi-fhir,https://raw.githubusercontent.com/jamesagnew/hapi-fhir/master/README.md
apache/calcite,https://raw.githubusercontent.com/apache/calcite/master/README.md
qiujuer/genius-android,https://raw.githubusercontent.com/qiujuer/genius-android/master/README.md
teamamaze/amazefilemanager,https://raw.githubusercontent.com/teamamaze/amazefilemanager/master/README.md
mission-peace/interview,https://raw.githubusercontent.com/mission-peace/interview/master/README.md
oryxproject/oryx,https://raw.githubusercontent.com/oryxproject/oryx/master/README.md
gaul/s3proxy,https://raw.githubusercontent.com/gaul/s3proxy/master/README.md
altbeacon/android-beacon-library,https://raw.githubusercontent.com/altbeacon/android-beacon-library/master/README.md
eclipsesource/j2v8,https://raw.githubusercontent.com/eclipsesource/j2v8/master/README.md
jmrozanec/cron-utils,https://raw.githubusercontent.com/jmrozanec/cron-utils/master/README.md
zxh0/classpy,https://raw.githubusercontent.com/zxh0/classpy/master/README.md
classgraph/classgraph,https://raw.githubusercontent.com/classgraph/classgraph/master/README.md
reactivex/rxandroid,https://raw.githubusercontent.com/reactivex/rxandroid/master/README.md
google/error-prone,https://raw.githubusercontent.com/google/error-prone/master/README.md
nlpchina/elasticsearch-sql,https://raw.githubusercontent.com/nlpchina/elasticsearch-sql/master/README.md
apache/hadoop,https://raw.githubusercontent.com/apache/hadoop/master/README.md
pushtorefresh/storio,https://raw.githubusercontent.com/pushtorefresh/storio/master/README.md
spongepowered/spongeapi,https://raw.githubusercontent.com/spongepowered/spongeapi/master/README.md
spongepowered/spongeforge,https://raw.githubusercontent.com/spongepowered/spongeforge/master/README.md
jwtk/jjwt,https://raw.githubusercontent.com/jwtk/jjwt/master/README.md
reds-heig/logisim-evolution,https://raw.githubusercontent.com/reds-heig/logisim-evolution/master/README.md
appliedenergistics/applied-energistics-2,https://raw.githubusercontent.com/appliedenergistics/applied-energistics-2/master/README.md
junit-team/junit5,https://raw.githubusercontent.com/junit-team/junit5/master/README.md
freetymekiyan/leetcode-sol-res,https://raw.githubusercontent.com/freetymekiyan/leetcode-sol-res/master/README.md
speedment/speedment,https://raw.githubusercontent.com/speedment/speedment/master/README.md
aol/cyclops,https://raw.githubusercontent.com/aol/cyclops/master/README.md
hidroh/materialistic,https://raw.githubusercontent.com/hidroh/materialistic/master/README.md
facebook/stetho,https://raw.githubusercontent.com/facebook/stetho/master/README.md
h6ah4i/android-advancedrecyclerview,https://raw.githubusercontent.com/h6ah4i/android-advancedrecyclerview/master/README.md
cymcsg/ultimaterecyclerview,https://raw.githubusercontent.com/cymcsg/ultimaterecyclerview/master/README.md
citerus/dddsample-core,https://raw.githubusercontent.com/citerus/dddsample-core/master/README.md
zieiony/carbon,https://raw.githubusercontent.com/zieiony/carbon/master/README.md
apache/tinkerpop,https://raw.githubusercontent.com/apache/tinkerpop/master/README.md
prolificinteractive/material-calendarview,https://raw.githubusercontent.com/prolificinteractive/material-calendarview/master/README.md
swagger2markup/swagger2markup,https://raw.githubusercontent.com/swagger2markup/swagger2markup/master/README.md
seldonio/seldon-server,https://raw.githubusercontent.com/seldonio/seldon-server/master/README.md
jenkinsci/kubernetes-plugin,https://raw.githubusercontent.com/jenkinsci/kubernetes-plugin/master/README.md
qiujiayu/autoloadcache,https://raw.githubusercontent.com/qiujiayu/autoloadcache/master/README.md
kabouzeid/phonograph,https://raw.githubusercontent.com/kabouzeid/phonograph/master/README.md
silenceim/silence,https://raw.githubusercontent.com/silenceim/silence/master/README.md
sayi/poi-tl,https://raw.githubusercontent.com/sayi/poi-tl/master/README.md
yacy/yacy_search_server,https://raw.githubusercontent.com/yacy/yacy_search_server/master/README.md
loklak/loklak_server,https://raw.githubusercontent.com/loklak/loklak_server/master/README.md
sockeqwe/mosby,https://raw.githubusercontent.com/sockeqwe/mosby/master/README.md
googlecloudplatform/java-docs-samples,https://raw.githubusercontent.com/googlecloudplatform/java-docs-samples/master/README.md
react-native-video/react-native-video,https://raw.githubusercontent.com/react-native-video/react-native-video/master/README.md
react-native-community/react-native-camera,https://raw.githubusercontent.com/react-native-community/react-native-camera/master/README.md
glowstonemc/glowstone,https://raw.githubusercontent.com/glowstonemc/glowstone/master/README.md
phonegap/phonegap-plugin-push,https://raw.githubusercontent.com/phonegap/phonegap-plugin-push/master/README.md
amaembo/streamex,https://raw.githubusercontent.com/amaembo/streamex/master/README.md
tomoya92/pybbs,https://raw.githubusercontent.com/tomoya92/pybbs/master/README.md
cincheo/jsweet,https://raw.githubusercontent.com/cincheo/jsweet/master/README.md
essentialsx/essentials,https://raw.githubusercontent.com/essentialsx/essentials/master/README.md
yahoo/squidb,https://raw.githubusercontent.com/yahoo/squidb/master/README.md
google/caja,https://raw.githubusercontent.com/google/caja/master/README.md
apache/groovy,https://raw.githubusercontent.com/apache/groovy/master/README.md
bruceeckel/onjava8-examples,https://raw.githubusercontent.com/bruceeckel/onjava8-examples/master/README.md
apache/incubator-sedona,https://raw.githubusercontent.com/apache/incubator-sedona/master/README.md
nitaliano/react-native-mapbox-gl,https://raw.githubusercontent.com/nitaliano/react-native-mapbox-gl/master/README.md
davideas/flexibleadapter,https://raw.githubusercontent.com/davideas/flexibleadapter/master/README.md
fossasia/open-event-droidgen,https://raw.githubusercontent.com/fossasia/open-event-droidgen/master/README.md
google/google-java-format,https://raw.githubusercontent.com/google/google-java-format/master/README.md
vigna/fastutil,https://raw.githubusercontent.com/vigna/fastutil/master/README.md
sundeepk/compactcalendarview,https://raw.githubusercontent.com/sundeepk/compactcalendarview/master/README.md
googlesamples/google-services,https://raw.githubusercontent.com/googlesamples/google-services/master/README.md
sleekbyte/tailor,https://raw.githubusercontent.com/sleekbyte/tailor/master/README.md
gravitee-io/gravitee-gateway,https://raw.githubusercontent.com/gravitee-io/gravitee-gateway/master/README.md
jsquared21/intro-to-java-programming,https://raw.githubusercontent.com/jsquared21/intro-to-java-programming/master/README.md
resilience4j/resilience4j,https://raw.githubusercontent.com/resilience4j/resilience4j/master/README.md
scouter-project/scouter,https://raw.githubusercontent.com/scouter-project/scouter/master/README.md
naman14/timber,https://raw.githubusercontent.com/naman14/timber/master/README.md
sharpie7/circuitjs1,https://raw.githubusercontent.com/sharpie7/circuitjs1/master/README.md
actorapp/actor-platform,https://raw.githubusercontent.com/actorapp/actor-platform/master/README.md
cucumber/cucumber,https://raw.githubusercontent.com/cucumber/cucumber/master/README.md
javamelody/javamelody,https://raw.githubusercontent.com/javamelody/javamelody/master/README.md
mabe02/lanterna,https://raw.githubusercontent.com/mabe02/lanterna/master/README.md
jhalterman/failsafe,https://raw.githubusercontent.com/jhalterman/failsafe/master/README.md
rsocket/rsocket-java,https://raw.githubusercontent.com/rsocket/rsocket-java/master/README.md
fabric8io/kubernetes-client,https://raw.githubusercontent.com/fabric8io/kubernetes-client/master/README.md
atlassian/commonmark-java,https://raw.githubusercontent.com/atlassian/commonmark-java/master/README.md
aliyun/aliyun-openapi-java-sdk,https://raw.githubusercontent.com/aliyun/aliyun-openapi-java-sdk/master/README.md
coobird/thumbnailator,https://raw.githubusercontent.com/coobird/thumbnailator/master/README.md
bwssytems/ha-bridge,https://raw.githubusercontent.com/bwssytems/ha-bridge/master/README.md
takwolf/cnode-material-design,https://raw.githubusercontent.com/takwolf/cnode-material-design/master/README.md
pengrad/java-telegram-bot-api,https://raw.githubusercontent.com/pengrad/java-telegram-bot-api/master/README.md
sanluan/publiccms,https://raw.githubusercontent.com/sanluan/publiccms/master/README.md
pwittchen/reactivenetwork,https://raw.githubusercontent.com/pwittchen/reactivenetwork/master/README.md
parse-community/parse-sdk-android,https://raw.githubusercontent.com/parse-community/parse-sdk-android/master/README.md
permissions-dispatcher/permissionsdispatcher,https://raw.githubusercontent.com/permissions-dispatcher/permissionsdispatcher/master/README.md
tommylemon/android-zblibrary,https://raw.githubusercontent.com/tommylemon/android-zblibrary/master/README.md
strapdata/elassandra,https://raw.githubusercontent.com/strapdata/elassandra/master/README.md
npgall/cqengine,https://raw.githubusercontent.com/npgall/cqengine/master/README.md
facebook/screenshot-tests-for-android,https://raw.githubusercontent.com/facebook/screenshot-tests-for-android/master/README.md
etar-group/etar-calendar,https://raw.githubusercontent.com/etar-group/etar-calendar/master/README.md
jfoenixadmin/jfoenix,https://raw.githubusercontent.com/jfoenixadmin/jfoenix/master/README.md
apache/shardingsphere-elasticjob,https://raw.githubusercontent.com/apache/shardingsphere-elasticjob/master/README.md
treasure-data/digdag,https://raw.githubusercontent.com/treasure-data/digdag/master/README.md
chrisrm/material-theme-jetbrains,https://raw.githubusercontent.com/chrisrm/material-theme-jetbrains/master/README.md
apache/incubator-heron,https://raw.githubusercontent.com/apache/incubator-heron/master/README.md
ccrama/slide,https://raw.githubusercontent.com/ccrama/slide/master/README.md
uber/okbuck,https://raw.githubusercontent.com/uber/okbuck/master/README.md
metasfresh/metasfresh,https://raw.githubusercontent.com/metasfresh/metasfresh/master/README.md
google/android-classyshark,https://raw.githubusercontent.com/google/android-classyshark/master/README.md
yydcdut/photonoter,https://raw.githubusercontent.com/yydcdut/photonoter/master/README.md
morenoh149/react-native-contacts,https://raw.githubusercontent.com/morenoh149/react-native-contacts/master/README.md
dbeaver/dbeaver,https://raw.githubusercontent.com/dbeaver/dbeaver/master/README.md
gzu-liyujiang/androidpicker,https://raw.githubusercontent.com/gzu-liyujiang/androidpicker/master/README.md
termux/termux-app,https://raw.githubusercontent.com/termux/termux-app/master/README.md
fengjiachun/jupiter,https://raw.githubusercontent.com/fengjiachun/jupiter/master/README.md
wyouflf/xutils3,https://raw.githubusercontent.com/wyouflf/xutils3/master/README.md
wequick/small,https://raw.githubusercontent.com/wequick/small/master/README.md
dv8fromtheworld/jda,https://raw.githubusercontent.com/dv8fromtheworld/jda/master/README.md
zo0r/react-native-push-notification,https://raw.githubusercontent.com/zo0r/react-native-push-notification/master/README.md
eclipse/paho.mqtt.java,https://raw.githubusercontent.com/eclipse/paho.mqtt.java/master/README.md
vector-im/riot-android,https://raw.githubusercontent.com/vector-im/riot-android/master/README.md
lingochamp/filedownloader,https://raw.githubusercontent.com/lingochamp/filedownloader/master/README.md
fossasia/giggity,https://raw.githubusercontent.com/fossasia/giggity/master/README.md
opntec/open-event-android,https://raw.githubusercontent.com/opntec/open-event-android/master/README.md
daxiak/mydiary,https://raw.githubusercontent.com/daxiak/mydiary/master/README.md
klinker24/talon-twitter-holo,https://raw.githubusercontent.com/klinker24/talon-twitter-holo/master/README.md
topjohnwu/magiskmanager,https://raw.githubusercontent.com/topjohnwu/magiskmanager/master/README.md
torodb/stampede,https://raw.githubusercontent.com/torodb/stampede/master/README.md
grover-c13/pokegoapi-java,https://raw.githubusercontent.com/grover-c13/pokegoapi-java/master/README.md
gcssloop/androidnote,https://raw.githubusercontent.com/gcssloop/androidnote/master/README.md
lecho/hellocharts-android,https://raw.githubusercontent.com/lecho/hellocharts-android/master/README.md
philliphsu/bottomsheetpickers,https://raw.githubusercontent.com/philliphsu/bottomsheetpickers/master/README.md
requery/requery,https://raw.githubusercontent.com/requery/requery/master/README.md
kangjianwei/learningjdk,https://raw.githubusercontent.com/kangjianwei/learningjdk/master/README.md
zhanghai/douya,https://raw.githubusercontent.com/zhanghai/douya/master/README.md
frank-lam/fullstack-tutorial,https://raw.githubusercontent.com/frank-lam/fullstack-tutorial/master/README.md
doikki/dkvideoplayer,https://raw.githubusercontent.com/doikki/dkvideoplayer/master/README.md
dreampie/resty,https://raw.githubusercontent.com/dreampie/resty/master/README.md
mpusher/mpush,https://raw.githubusercontent.com/mpusher/mpush/master/README.md
huantansheng/easyphotos,https://raw.githubusercontent.com/huantansheng/easyphotos/master/README.md
stylefeng/guns,https://raw.githubusercontent.com/stylefeng/guns/master/README.md
dr11ft/bigdataguide,https://raw.githubusercontent.com/dr11ft/bigdataguide/master/README.md
konloch/bytecode-viewer,https://raw.githubusercontent.com/konloch/bytecode-viewer/master/README.md
k0shk0sh/fasthub,https://raw.githubusercontent.com/k0shk0sh/fasthub/master/README.md
liuyangming/bytetcc,https://raw.githubusercontent.com/liuyangming/bytetcc/master/README.md
timusus/shuttle,https://raw.githubusercontent.com/timusus/shuttle/master/README.md
lipangit/jiaozivideoplayer,https://raw.githubusercontent.com/lipangit/jiaozivideoplayer/master/README.md
javen205/ijpay,https://raw.githubusercontent.com/javen205/ijpay/master/README.md
apache/servicecomb-pack,https://raw.githubusercontent.com/apache/servicecomb-pack/master/README.md
hyb1996/auto.js,https://raw.githubusercontent.com/hyb1996/auto.js/master/README.md
microsoft/malmo,https://raw.githubusercontent.com/microsoft/malmo/master/README.md
nordicsemiconductor/android-ble-library,https://raw.githubusercontent.com/nordicsemiconductor/android-ble-library/master/README.md
crossoverjie/jcsprout,https://raw.githubusercontent.com/crossoverjie/jcsprout/master/README.md
shuzheng/zheng,https://raw.githubusercontent.com/shuzheng/zheng/master/README.md
vedenin/useful-java-links,https://raw.githubusercontent.com/vedenin/useful-java-links/master/README.md
ehsantang/apimanager,https://raw.githubusercontent.com/ehsantang/apimanager/master/README.md
alibaba/jetcache,https://raw.githubusercontent.com/alibaba/jetcache/master/README.md
ngbdf/redis-manager,https://raw.githubusercontent.com/ngbdf/redis-manager/master/README.md
facebookarchive/stetho,https://raw.githubusercontent.com/facebookarchive/stetho/master/README.md
roughike/bottombar,https://raw.githubusercontent.com/roughike/bottombar/master/README.md
datumbox/datumbox-framework,https://raw.githubusercontent.com/datumbox/datumbox-framework/master/README.md
aefyr/sai,https://raw.githubusercontent.com/aefyr/sai/master/README.md
scwang90/smartrefreshlayout,https://raw.githubusercontent.com/scwang90/smartrefreshlayout/master/README.md
ryanfehr/hackerrank,https://raw.githubusercontent.com/ryanfehr/hackerrank/master/README.md
jessyancoding/mvparms,https://raw.githubusercontent.com/jessyancoding/mvparms/master/README.md
csploit/android,https://raw.githubusercontent.com/csploit/android/master/README.md
daniulive/smarterstreaming,https://raw.githubusercontent.com/daniulive/smarterstreaming/master/README.md
vipshop/saturn,https://raw.githubusercontent.com/vipshop/saturn/master/README.md
evollu/react-native-fcm,https://raw.githubusercontent.com/evollu/react-native-fcm/master/README.md
spotify/apollo,https://raw.githubusercontent.com/spotify/apollo/master/README.md
nisrulz/android-examples,https://raw.githubusercontent.com/nisrulz/android-examples/master/README.md
baeldung/spring-security-oauth,https://raw.githubusercontent.com/baeldung/spring-security-oauth/master/README.md
dkzwm/smoothrefreshlayout,https://raw.githubusercontent.com/dkzwm/smoothrefreshlayout/master/README.md
toolbox4minecraft/amidst,https://raw.githubusercontent.com/toolbox4minecraft/amidst/master/README.md
project-travel-mate/travel-mate,https://raw.githubusercontent.com/project-travel-mate/travel-mate/master/README.md
vladimir-bukhtoyarov/bucket4j,https://raw.githubusercontent.com/vladimir-bukhtoyarov/bucket4j/master/README.md
hansolo/tilesfx,https://raw.githubusercontent.com/hansolo/tilesfx/master/README.md
oasisfeng/island,https://raw.githubusercontent.com/oasisfeng/island/master/README.md
amitshekhariitbhu/fast-android-networking,https://raw.githubusercontent.com/amitshekhariitbhu/fast-android-networking/master/README.md
google/volley,https://raw.githubusercontent.com/google/volley/master/README.md
ltsopensource/light-task-scheduler,https://raw.githubusercontent.com/ltsopensource/light-task-scheduler/master/README.md
thirtydegreesray/openhub,https://raw.githubusercontent.com/thirtydegreesray/openhub/master/README.md
freeyourgadget/gadgetbridge,https://raw.githubusercontent.com/freeyourgadget/gadgetbridge/master/README.md
spring-projects/spring-restdocs,https://raw.githubusercontent.com/spring-projects/spring-restdocs/master/README.md
quartz-scheduler/quartz,https://raw.githubusercontent.com/quartz-scheduler/quartz/master/README.md
objectbox/objectbox-java,https://raw.githubusercontent.com/objectbox/objectbox-java/master/README.md
jtablesaw/tablesaw,https://raw.githubusercontent.com/jtablesaw/tablesaw/master/README.md
lognet/grpc-spring-boot-starter,https://raw.githubusercontent.com/lognet/grpc-spring-boot-starter/master/README.md
klinker-apps/talon-for-twitter-android,https://raw.githubusercontent.com/klinker-apps/talon-for-twitter-android/master/README.md
netflix/metacat,https://raw.githubusercontent.com/netflix/metacat/master/README.md
lerry903/ruoyi,https://raw.githubusercontent.com/lerry903/ruoyi/master/README.md
lennartkoopmann/nzyme,https://raw.githubusercontent.com/lennartkoopmann/nzyme/master/README.md
yokeyword/fragmentation,https://raw.githubusercontent.com/yokeyword/fragmentation/master/README.md
justson/agentweb,https://raw.githubusercontent.com/justson/agentweb/master/README.md
tencent/shadow,https://raw.githubusercontent.com/tencent/shadow/master/README.md
drewnoakes/metadata-extractor,https://raw.githubusercontent.com/drewnoakes/metadata-extractor/master/README.md
sjwall/materialtaptargetprompt,https://raw.githubusercontent.com/sjwall/materialtaptargetprompt/master/README.md
dtstack/flinkstreamsql,https://raw.githubusercontent.com/dtstack/flinkstreamsql/master/README.md
intuit/wasabi,https://raw.githubusercontent.com/intuit/wasabi/master/README.md
kaikramer/keystore-explorer,https://raw.githubusercontent.com/kaikramer/keystore-explorer/master/README.md
javacc/javacc,https://raw.githubusercontent.com/javacc/javacc/master/README.md
processing/processing4,https://raw.githubusercontent.com/processing/processing4/master/README.md
guardianproject/haven,https://raw.githubusercontent.com/guardianproject/haven/master/README.md
react-native-kit/react-native-track-player,https://raw.githubusercontent.com/react-native-kit/react-native-track-player/master/README.md
tonyofrancis/fetch,https://raw.githubusercontent.com/tonyofrancis/fetch/master/README.md
teradata/kylo,https://raw.githubusercontent.com/teradata/kylo/master/README.md
nikita36078/j2me-loader,https://raw.githubusercontent.com/nikita36078/j2me-loader/master/README.md
88250/solo,https://raw.githubusercontent.com/88250/solo/master/README.md
jfree/jfreechart,https://raw.githubusercontent.com/jfree/jfreechart/master/README.md
audiveris/audiveris,https://raw.githubusercontent.com/audiveris/audiveris/master/README.md
anji-plus/captcha,https://raw.githubusercontent.com/anji-plus/captcha/master/README.md
linlinjava/litemall,https://raw.githubusercontent.com/linlinjava/litemall/master/README.md
yunaiv/springboot-labs,https://raw.githubusercontent.com/yunaiv/springboot-labs/master/README.md
codingapi/tx-lcn,https://raw.githubusercontent.com/codingapi/tx-lcn/master/README.md
polidea/rxandroidble,https://raw.githubusercontent.com/polidea/rxandroidble/master/README.md
jctools/jctools,https://raw.githubusercontent.com/jctools/jctools/master/README.md
javahongxi/whatsmars,https://raw.githubusercontent.com/javahongxi/whatsmars/master/README.md
hbb20/countrycodepickerproject,https://raw.githubusercontent.com/hbb20/countrycodepickerproject/master/README.md
zhuinden/simple-stack,https://raw.githubusercontent.com/zhuinden/simple-stack/master/README.md
elderdrivers/edxposedmanager,https://raw.githubusercontent.com/elderdrivers/edxposedmanager/master/README.md
controlsfx/controlsfx,https://raw.githubusercontent.com/controlsfx/controlsfx/master/README.md
android-hacker/virtualxposed,https://raw.githubusercontent.com/android-hacker/virtualxposed/master/README.md
react-native-camera/react-native-camera,https://raw.githubusercontent.com/react-native-camera/react-native-camera/master/README.md
weibocom/motan,https://raw.githubusercontent.com/weibocom/motan/master/README.md
wildfirechat/server,https://raw.githubusercontent.com/wildfirechat/server/master/README.md
blankj/androidutilcode,https://raw.githubusercontent.com/blankj/androidutilcode/master/README.md
mycatapache/mycat-server,https://raw.githubusercontent.com/mycatapache/mycat-server/master/README.md
qihoo360/replugin,https://raw.githubusercontent.com/qihoo360/replugin/master/README.md
youlookwhat/cloudreader,https://raw.githubusercontent.com/youlookwhat/cloudreader/master/README.md
yunaiv/onemall,https://raw.githubusercontent.com/yunaiv/onemall/master/README.md
natario1/cameraview,https://raw.githubusercontent.com/natario1/cameraview/master/README.md
xiaojinzi123/component,https://raw.githubusercontent.com/xiaojinzi123/component/master/README.md
airbnb/lottie-android,https://raw.githubusercontent.com/airbnb/lottie-android/master/README.md
heibaiying/bigdata-notes,https://raw.githubusercontent.com/heibaiying/bigdata-notes/master/README.md
macrozheng/mall-learning,https://raw.githubusercontent.com/macrozheng/mall-learning/master/README.md
gedoor/mybookshelf,https://raw.githubusercontent.com/gedoor/mybookshelf/master/README.md
li-xiaojun/xpopup,https://raw.githubusercontent.com/li-xiaojun/xpopup/master/README.md
react-native-svg/react-native-svg,https://raw.githubusercontent.com/react-native-svg/react-native-svg/master/README.md
horaapps/leafpic,https://raw.githubusercontent.com/horaapps/leafpic/master/README.md
andotp/andotp,https://raw.githubusercontent.com/andotp/andotp/master/README.md
cabaletta/baritone,https://raw.githubusercontent.com/cabaletta/baritone/master/README.md
killme2008/aviatorscript,https://raw.githubusercontent.com/killme2008/aviatorscript/master/README.md
nayuki/qr-code-generator,https://raw.githubusercontent.com/nayuki/qr-code-generator/master/README.md
dtstack/flinkx,https://raw.githubusercontent.com/dtstack/flinkx/master/README.md
airsonic/airsonic,https://raw.githubusercontent.com/airsonic/airsonic/master/README.md
interestinglab/waterdrop,https://raw.githubusercontent.com/interestinglab/waterdrop/master/README.md
openlauncherteam/openlauncher,https://raw.githubusercontent.com/openlauncherteam/openlauncher/master/README.md
sbraconnier/jodconverter,https://raw.githubusercontent.com/sbraconnier/jodconverter/master/README.md
jformdesigner/flatlaf,https://raw.githubusercontent.com/jformdesigner/flatlaf/master/README.md
anghelleonard/hibernate-springboot,https://raw.githubusercontent.com/anghelleonard/hibernate-springboot/master/README.md
angel-ml/angel,https://raw.githubusercontent.com/angel-ml/angel/master/README.md
weiye-jing/datax-web,https://raw.githubusercontent.com/weiye-jing/datax-web/master/README.md
smartloli/kafka-eagle,https://raw.githubusercontent.com/smartloli/kafka-eagle/master/README.md
spring-projects-experimental/spring-fu,https://raw.githubusercontent.com/spring-projects-experimental/spring-fu/master/README.md
o19s/elasticsearch-learning-to-rank,https://raw.githubusercontent.com/o19s/elasticsearch-learning-to-rank/master/README.md
stephanenicolas/toothpick,https://raw.githubusercontent.com/stephanenicolas/toothpick/master/README.md
itfsw/mybatis-generator-plugin,https://raw.githubusercontent.com/itfsw/mybatis-generator-plugin/master/README.md
polymorphicshade/newpipe,https://raw.githubusercontent.com/polymorphicshade/newpipe/master/README.md
zalando/zalenium,https://raw.githubusercontent.com/zalando/zalenium/master/README.md
qunarcorp/qmq,https://raw.githubusercontent.com/qunarcorp/qmq/master/README.md
egzosn/pay-java-parent,https://raw.githubusercontent.com/egzosn/pay-java-parent/master/README.md
pedrosg94/rtmp-rtsp-stream-client-java,https://raw.githubusercontent.com/pedrosg94/rtmp-rtsp-stream-client-java/master/README.md
kalessil/phpinspectionsea,https://raw.githubusercontent.com/kalessil/phpinspectionsea/master/README.md
ctripcorp/dal,https://raw.githubusercontent.com/ctripcorp/dal/master/README.md
graphql-java-kickstart/graphql-spring-boot,https://raw.githubusercontent.com/graphql-java-kickstart/graphql-spring-boot/master/README.md
netflix/hollow,https://raw.githubusercontent.com/netflix/hollow/master/README.md
aptana/studio3,https://raw.githubusercontent.com/aptana/studio3/master/README.md
limboemu/limbo,https://raw.githubusercontent.com/limboemu/limbo/master/README.md
oracle/oracle-db-examples,https://raw.githubusercontent.com/oracle/oracle-db-examples/master/README.md
pfalstad/circuitjs1,https://raw.githubusercontent.com/pfalstad/circuitjs1/master/README.md
chat-sdk/chat-sdk-android,https://raw.githubusercontent.com/chat-sdk/chat-sdk-android/master/README.md
netflix/mantis,https://raw.githubusercontent.com/netflix/mantis/master/README.md
danfickle/openhtmltopdf,https://raw.githubusercontent.com/danfickle/openhtmltopdf/master/README.md
marcosbarbero/spring-cloud-zuul-ratelimit,https://raw.githubusercontent.com/marcosbarbero/spring-cloud-zuul-ratelimit/master/README.md
redhat-scholars/istio-tutorial,https://raw.githubusercontent.com/redhat-scholars/istio-tutorial/master/README.md
ferredoxin/qnotified,https://raw.githubusercontent.com/ferredoxin/qnotified/master/README.md
opennetworkinglab/onos,https://raw.githubusercontent.com/opennetworkinglab/onos/master/README.md
scoute-dich/browser,https://raw.githubusercontent.com/scoute-dich/browser/master/README.md
haleydu/cimoc,https://raw.githubusercontent.com/haleydu/cimoc/master/README.md
opentsdb/opentsdb,https://raw.githubusercontent.com/opentsdb/opentsdb/master/README.md
firebase/firebaseui-android,https://raw.githubusercontent.com/firebase/firebaseui-android/master/README.md
razerdp/basepopup,https://raw.githubusercontent.com/razerdp/basepopup/master/README.md
google/open-location-code,https://raw.githubusercontent.com/google/open-location-code/master/README.md
beemdevelopment/aegis,https://raw.githubusercontent.com/beemdevelopment/aegis/master/README.md
jigsaw-code/intra,https://raw.githubusercontent.com/jigsaw-code/intra/master/README.md
oliexdev/openscale,https://raw.githubusercontent.com/oliexdev/openscale/master/README.md
thombergs/code-examples,https://raw.githubusercontent.com/thombergs/code-examples/master/README.md
philjay/mpandroidchart,https://raw.githubusercontent.com/philjay/mpandroidchart/master/README.md
apache/rocketmq,https://raw.githubusercontent.com/apache/rocketmq/master/README.md
lucksiege/pictureselector,https://raw.githubusercontent.com/lucksiege/pictureselector/master/README.md
justauth/justauth,https://raw.githubusercontent.com/justauth/justauth/master/README.md
alibaba/datax,https://raw.githubusercontent.com/alibaba/datax/master/README.md
inputmice/conversations,https://raw.githubusercontent.com/inputmice/conversations/master/README.md
apache/rocketmq-externals,https://raw.githubusercontent.com/apache/rocketmq-externals/master/README.md
genymobile/gnirehtet,https://raw.githubusercontent.com/genymobile/gnirehtet/master/README.md
gyoogle/tech-interview-for-developer,https://raw.githubusercontent.com/gyoogle/tech-interview-for-developer/master/README.md
apollographql/apollo-android,https://raw.githubusercontent.com/apollographql/apollo-android/master/README.md
ripmeapp/ripme,https://raw.githubusercontent.com/ripmeapp/ripme/master/README.md
philippc/keepass2android,https://raw.githubusercontent.com/philippc/keepass2android/master/README.md
fossasia/pslab-android,https://raw.githubusercontent.com/fossasia/pslab-android/master/README.md
noties/markwon,https://raw.githubusercontent.com/noties/markwon/master/README.md
annimon/lightweight-stream-api,https://raw.githubusercontent.com/annimon/lightweight-stream-api/master/README.md
fossasia/open-event-organizer-android,https://raw.githubusercontent.com/fossasia/open-event-organizer-android/master/README.md
tng/archunit,https://raw.githubusercontent.com/tng/archunit/master/README.md
googleapis/google-cloud-java,https://raw.githubusercontent.com/googleapis/google-cloud-java/master/README.md
vsch/flexmark-java,https://raw.githubusercontent.com/vsch/flexmark-java/master/README.md
netflix/genie,https://raw.githubusercontent.com/netflix/genie/master/README.md
firebase/firebase-android-sdk,https://raw.githubusercontent.com/firebase/firebase-android-sdk/master/README.md
dreamoftheredchamber/system-design,https://raw.githubusercontent.com/dreamoftheredchamber/system-design/master/README.md
jzvd/jzvideo,https://raw.githubusercontent.com/jzvd/jzvideo/master/README.md
smartbear/soapui,https://raw.githubusercontent.com/smartbear/soapui/master/README.md
formidablelabs/react-native-app-auth,https://raw.githubusercontent.com/formidablelabs/react-native-app-auth/master/README.md
vladmihalcea/hibernate-types,https://raw.githubusercontent.com/vladmihalcea/hibernate-types/master/README.md
webankfintech/dataspherestudio,https://raw.githubusercontent.com/webankfintech/dataspherestudio/master/README.md
raiman/sikulix1,https://raw.githubusercontent.com/raiman/sikulix1/master/README.md
awsdocs/aws-lambda-developer-guide,https://raw.githubusercontent.com/awsdocs/aws-lambda-developer-guide/master/README.md
google/j2cl,https://raw.githubusercontent.com/google/j2cl/master/README.md
nepxion/discoveryguide,https://raw.githubusercontent.com/nepxion/discoveryguide/master/README.md
jishenghua/jsherp,https://raw.githubusercontent.com/jishenghua/jsherp/master/README.md
clickhouse/clickhouse-jdbc,https://raw.githubusercontent.com/clickhouse/clickhouse-jdbc/master/README.md
zhangdaiscott/jeecg-boot,https://raw.githubusercontent.com/zhangdaiscott/jeecg-boot/master/README.md
halo-dev/halo,https://raw.githubusercontent.com/halo-dev/halo/master/README.md
didi/doraemonkit,https://raw.githubusercontent.com/didi/doraemonkit/master/README.md
alibaba/atlas,https://raw.githubusercontent.com/alibaba/atlas/master/README.md
arialyy/aria,https://raw.githubusercontent.com/arialyy/aria/master/README.md
reactor/reactor-core,https://raw.githubusercontent.com/reactor/reactor-core/master/README.md
microg/gmscore,https://raw.githubusercontent.com/microg/gmscore/master/README.md
runelite/runelite,https://raw.githubusercontent.com/runelite/runelite/master/README.md
xuexiangjys/xui,https://raw.githubusercontent.com/xuexiangjys/xui/master/README.md
nextcloud/android,https://raw.githubusercontent.com/nextcloud/android/master/README.md
doocs/leetcode,https://raw.githubusercontent.com/doocs/leetcode/master/README.md
gsantner/markor,https://raw.githubusercontent.com/gsantner/markor/master/README.md
col-e/recaf,https://raw.githubusercontent.com/col-e/recaf/master/README.md
lucko/luckperms,https://raw.githubusercontent.com/lucko/luckperms/master/README.md
flowci/flow-core-x,https://raw.githubusercontent.com/flowci/flow-core-x/master/README.md
tmobile/pacbot,https://raw.githubusercontent.com/tmobile/pacbot/master/README.md
broadinstitute/gatk,https://raw.githubusercontent.com/broadinstitute/gatk/master/README.md
manifold-systems/manifold,https://raw.githubusercontent.com/manifold-systems/manifold/master/README.md
fkzhang/wechatunrecalled,https://raw.githubusercontent.com/fkzhang/wechatunrecalled/master/README.md
google/conscrypt,https://raw.githubusercontent.com/google/conscrypt/master/README.md
jenkinsci/jenkinsfile-runner,https://raw.githubusercontent.com/jenkinsci/jenkinsfile-runner/master/README.md
afkt/devutils,https://raw.githubusercontent.com/afkt/devutils/master/README.md
telegram-sms/telegram-sms,https://raw.githubusercontent.com/telegram-sms/telegram-sms/master/README.md
alibaba/testable-mock,https://raw.githubusercontent.com/alibaba/testable-mock/master/README.md
cyc2018/cs-notes,https://raw.githubusercontent.com/cyc2018/cs-notes/master/README.md
xkcoding/spring-boot-demo,https://raw.githubusercontent.com/xkcoding/spring-boot-demo/master/README.md
seata/seata,https://raw.githubusercontent.com/seata/seata/master/README.md
tencent/qmui_android,https://raw.githubusercontent.com/tencent/qmui_android/master/README.md
nepxion/discovery,https://raw.githubusercontent.com/nepxion/discovery/master/README.md
zuihou/lamp-cloud,https://raw.githubusercontent.com/zuihou/lamp-cloud/master/README.md
dromara/hmily,https://raw.githubusercontent.com/dromara/hmily/master/README.md
assertj/assertj-core,https://raw.githubusercontent.com/assertj/assertj-core/master/README.md
apache/incubator-gobblin,https://raw.githubusercontent.com/apache/incubator-gobblin/master/README.md
apache/netbeans,https://raw.githubusercontent.com/apache/netbeans/master/README.md
commonmark/commonmark-java,https://raw.githubusercontent.com/commonmark/commonmark-java/master/README.md
rebooters/androidanimationexercise,https://raw.githubusercontent.com/rebooters/androidanimationexercise/master/README.md
braisdom/objectivesql,https://raw.githubusercontent.com/braisdom/objectivesql/master/README.md
eclipse/eclipse.jdt.ls,https://raw.githubusercontent.com/eclipse/eclipse.jdt.ls/master/README.md
mycatapache/mycat2,https://raw.githubusercontent.com/mycatapache/mycat2/master/README.md
lbryio/lbry-android,https://raw.githubusercontent.com/lbryio/lbry-android/master/README.md
ceuilisa/pixiv-shaft,https://raw.githubusercontent.com/ceuilisa/pixiv-shaft/master/README.md
yangzongzhuan/ruoyi-vue,https://raw.githubusercontent.com/yangzongzhuan/ruoyi-vue/master/README.md
open-telemetry/opentelemetry-java-instrumentation,https://raw.githubusercontent.com/open-telemetry/opentelemetry-java-instrumentation/master/README.md
hiparker/opsli-boot,https://raw.githubusercontent.com/hiparker/opsli-boot/master/README.md
kestra-io/kestra,https://raw.githubusercontent.com/kestra-io/kestra/master/README.md
nationalsecurityagency/ghidra,https://raw.githubusercontent.com/nationalsecurityagency/ghidra/master/README.md
ctripcorp/apollo,https://raw.githubusercontent.com/ctripcorp/apollo/master/README.md
apache/skywalking,https://raw.githubusercontent.com/apache/skywalking/master/README.md
thingsboard/thingsboard,https://raw.githubusercontent.com/thingsboard/thingsboard/master/README.md
openapitools/openapi-generator,https://raw.githubusercontent.com/openapitools/openapi-generator/master/README.md
apache/pulsar,https://raw.githubusercontent.com/apache/pulsar/master/README.md
apache/incubator-dolphinscheduler,https://raw.githubusercontent.com/apache/incubator-dolphinscheduler/master/README.md
intuit/karate,https://raw.githubusercontent.com/intuit/karate/master/README.md
jooq/jooq,https://raw.githubusercontent.com/jooq/jooq/master/README.md
debezium/debezium,https://raw.githubusercontent.com/debezium/debezium/master/README.md
janusgraph/janusgraph,https://raw.githubusercontent.com/janusgraph/janusgraph/master/README.md
flowable/flowable-engine,https://raw.githubusercontent.com/flowable/flowable-engine/master/README.md
dromara/soul,https://raw.githubusercontent.com/dromara/soul/master/README.md
spring-cloud/spring-cloud-gateway,https://raw.githubusercontent.com/spring-cloud/spring-cloud-gateway/master/README.md
ballerina-platform/ballerina-lang,https://raw.githubusercontent.com/ballerina-platform/ballerina-lang/master/README.md
eclipse/openj9,https://raw.githubusercontent.com/eclipse/openj9/master/README.md
graknlabs/grakn,https://raw.githubusercontent.com/graknlabs/grakn/master/README.md
apache/nifi,https://raw.githubusercontent.com/apache/nifi/master/README.md
rememberber/wepush,https://raw.githubusercontent.com/rememberber/wepush/master/README.md
strimzi/strimzi-kafka-operator,https://raw.githubusercontent.com/strimzi/strimzi-kafka-operator/master/README.md
intel-isl/openbot,https://raw.githubusercontent.com/intel-isl/openbot/master/README.md
corona-warn-app/cwa-server,https://raw.githubusercontent.com/corona-warn-app/cwa-server/master/README.md
apache/hudi,https://raw.githubusercontent.com/apache/hudi/master/README.md
hugegraph/hugegraph,https://raw.githubusercontent.com/hugegraph/hugegraph/master/README.md
reactor/reactor-netty,https://raw.githubusercontent.com/reactor/reactor-netty/master/README.md
apache/iotdb,https://raw.githubusercontent.com/apache/iotdb/master/README.md
iterate-ch/cyberduck,https://raw.githubusercontent.com/iterate-ch/cyberduck/master/README.md
mapsforge/mapsforge,https://raw.githubusercontent.com/mapsforge/mapsforge/master/README.md
jline/jline3,https://raw.githubusercontent.com/jline/jline3/master/README.md
vojtechhabarta/typescript-generator,https://raw.githubusercontent.com/vojtechhabarta/typescript-generator/master/README.md
moxi624/mogu_blog_v2,https://raw.githubusercontent.com/moxi624/mogu_blog_v2/master/README.md
confluentinc/schema-registry,https://raw.githubusercontent.com/confluentinc/schema-registry/master/README.md
tonikelope/megabasterd,https://raw.githubusercontent.com/tonikelope/megabasterd/master/README.md
aws/aws-sdk-java-v2,https://raw.githubusercontent.com/aws/aws-sdk-java-v2/master/README.md
nekox-dev/nekox,https://raw.githubusercontent.com/nekox-dev/nekox/master/README.md
streamxhub/streamx,https://raw.githubusercontent.com/streamxhub/streamx/master/README.md
facebook/litho,https://raw.githubusercontent.com/facebook/litho/master/README.md
micronaut-projects/micronaut-core,https://raw.githubusercontent.com/micronaut-projects/micronaut-core/master/README.md
apache/lucene-solr,https://raw.githubusercontent.com/apache/lucene-solr/master/README.md
confluentinc/ksql,https://raw.githubusercontent.com/confluentinc/ksql/master/README.md
awsdocs/aws-doc-sdk-examples,https://raw.githubusercontent.com/awsdocs/aws-doc-sdk-examples/master/README.md
oracle/helidon,https://raw.githubusercontent.com/oracle/helidon/master/README.md
geysermc/geyser,https://raw.githubusercontent.com/geysermc/geyser/master/README.md
prestosql/presto,https://raw.githubusercontent.com/prestosql/presto/master/README.md
awslabs/djl,https://raw.githubusercontent.com/awslabs/djl/master/README.md
google/copybara,https://raw.githubusercontent.com/google/copybara/master/README.md
apache/iceberg,https://raw.githubusercontent.com/apache/iceberg/master/README.md
airbytehq/airbyte,https://raw.githubusercontent.com/airbytehq/airbyte/master/README.md
awslabs/smithy,https://raw.githubusercontent.com/awslabs/smithy/master/README.md
muntashirakon/appmanager,https://raw.githubusercontent.com/muntashirakon/appmanager/master/README.md
keepsafe/dexcount-gradle-plugin,https://raw.githubusercontent.com/keepsafe/dexcount-gradle-plugin/master/README.md
henninghall/react-native-date-picker,https://raw.githubusercontent.com/henninghall/react-native-date-picker/master/README.md
oracle/graal,https://raw.githubusercontent.com/oracle/graal/master/README.md
quarkusio/quarkus,https://raw.githubusercontent.com/quarkusio/quarkus/master/README.md
apache/beam,https://raw.githubusercontent.com/apache/beam/master/README.md
elderdrivers/edxposed,https://raw.githubusercontent.com/elderdrivers/edxposed/master/README.md
vespa-engine/vespa,https://raw.githubusercontent.com/vespa-engine/vespa/master/README.md
zeebe-io/zeebe,https://raw.githubusercontent.com/zeebe-io/zeebe/master/README.md
openliberty/open-liberty,https://raw.githubusercontent.com/openliberty/open-liberty/master/README.md
open-telemetry/opentelemetry-java,https://raw.githubusercontent.com/open-telemetry/opentelemetry-java/master/README.md
liujingxing/okhttp-rxhttp,https://raw.githubusercontent.com/liujingxing/okhttp-rxhttp/master/README.md
openjdk/jdk,https://raw.githubusercontent.com/openjdk/jdk/master/README.md
m66b/fairemail,https://raw.githubusercontent.com/m66b/fairemail/master/README.md
pytorch/serve,https://raw.githubusercontent.com/pytorch/serve/master/README.md
reneargento/algorithms-sedgewick-wayne,https://raw.githubusercontent.com/reneargento/algorithms-sedgewick-wayne/master/README.md
apache/shardingsphere,https://raw.githubusercontent.com/apache/shardingsphere/master/README.md
anuken/mindustry,https://raw.githubusercontent.com/anuken/mindustry/master/README.md
proninyaroslav/libretorrent,https://raw.githubusercontent.com/proninyaroslav/libretorrent/master/README.md
pojavlauncherteam/pojavlauncher,https://raw.githubusercontent.com/pojavlauncherteam/pojavlauncher/master/README.md
tencent/matrix,https://raw.githubusercontent.com/tencent/matrix/master/README.md
reactnativecn/react-native-pushy,https://raw.githubusercontent.com/reactnativecn/react-native-pushy/master/README.md
tuguangquan/mybatis,https://raw.githubusercontent.com/tuguangquan/mybatis/master/README.md
wix/react-native-notifications,https://raw.githubusercontent.com/wix/react-native-notifications/master/README.md
w3c/epubcheck,https://raw.githubusercontent.com/w3c/epubcheck/master/README.md
spongepowered/mixin,https://raw.githubusercontent.com/spongepowered/mixin/master/README.md
yeriomin/yalpstore,https://raw.githubusercontent.com/yeriomin/yalpstore/master/README.md
864381832/xjavafxtool,https://raw.githubusercontent.com/864381832/xjavafxtool/master/README.md
erupts/erupt,https://raw.githubusercontent.com/erupts/erupt/master/README.md
barry-ran/qtscrcpy,https://raw.githubusercontent.com/barry-ran/qtscrcpy/master/README.md
x0b/rcx,https://raw.githubusercontent.com/x0b/rcx/master/README.md
spring-projects-experimental/spring-native,https://raw.githubusercontent.com/spring-projects-experimental/spring-native/master/README.md
playframework/play1,https://raw.githubusercontent.com/playframework/play1/master/README.md
pig-mesh/pig,https://raw.githubusercontent.com/pig-mesh/pig/master/README.md
apache/incubator-doris,https://raw.githubusercontent.com/apache/incubator-doris/master/README.md
trinodb/trino,https://raw.githubusercontent.com/trinodb/trino/master/README.md
linkedin/datahub,https://raw.githubusercontent.com/linkedin/datahub/master/README.md
provectus/kafka-ui,https://raw.githubusercontent.com/provectus/kafka-ui/master/README.md
fossasia/susi_server,https://raw.githubusercontent.com/fossasia/susi_server/master/README.md
sshahine/jfoenix,https://raw.githubusercontent.com/sshahine/jfoenix/master/README.md
yannecer/ncalendar,https://raw.githubusercontent.com/yannecer/ncalendar/master/README.md
caffeinemc/sodium-fabric,https://raw.githubusercontent.com/caffeinemc/sodium-fabric/master/README.md
grandcentrix/thirtyinch,https://raw.githubusercontent.com/grandcentrix/thirtyinch/master/README.md
returntocorp/semgrep,https://raw.githubusercontent.com/returntocorp/semgrep/master/README.md
porkstudios/farplanetwo,https://raw.githubusercontent.com/porkstudios/farplanetwo/master/README.md
tencentyun/timsdk,https://raw.githubusercontent.com/tencentyun/timsdk/master/README.md
xmanager-v2/xmanager-spotify,https://raw.githubusercontent.com/xmanager-v2/xmanager-spotify/master/README.md
atomashpolskiy/bt,https://raw.githubusercontent.com/atomashpolskiy/bt/master/README.md
jonashackt/spring-boot-vuejs,https://raw.githubusercontent.com/jonashackt/spring-boot-vuejs/master/README.md
primefaces/primefaces,https://raw.githubusercontent.com/primefaces/primefaces/master/README.md
camunda-cloud/zeebe,https://raw.githubusercontent.com/camunda-cloud/zeebe/master/README.md
apache/lucene,https://raw.githubusercontent.com/apache/lucene/master/README.md
dromara/hutool,https://raw.githubusercontent.com/dromara/hutool/master/README.md
webankfintech/linkis,https://raw.githubusercontent.com/webankfintech/linkis/master/README.md
dromara/forest,https://raw.githubusercontent.com/dromara/forest/master/README.md
gcx-hci/thirtyinch,https://raw.githubusercontent.com/gcx-hci/thirtyinch/master/README.md
jpush/aurora-imui,https://raw.githubusercontent.com/jpush/aurora-imui/master/README.md
williamfiset/data-structures,https://raw.githubusercontent.com/williamfiset/data-structures/master/README.md
apache/incubator-eventmesh,https://raw.githubusercontent.com/apache/incubator-eventmesh/master/README.md
dreamcats/java-notes,https://raw.githubusercontent.com/dreamcats/java-notes/master/README.md
projectlombok/lombok,https://raw.githubusercontent.com/projectlombok/lombok/master/README.md
jwpttcg66/nettygameserver,https://raw.githubusercontent.com/jwpttcg66/nettygameserver/master/README.md
opensearch-project/opensearch,https://raw.githubusercontent.com/opensearch-project/opensearch/master/README.md
deepjavalibrary/djl,https://raw.githubusercontent.com/deepjavalibrary/djl/master/README.md
dreamoftheredchamber/system-design-interviews,https://raw.githubusercontent.com/dreamoftheredchamber/system-design-interviews/master/README.md
apache/dolphinscheduler,https://raw.githubusercontent.com/apache/dolphinscheduler/master/README.md
klausw/hackerskeyboard,https://raw.githubusercontent.com/klausw/hackerskeyboard/master/README.md
eclipse-openj9/openj9,https://raw.githubusercontent.com/eclipse-openj9/openj9/master/README.md
anychart/anychart-android,https://raw.githubusercontent.com/anychart/anychart-android/master/README.md
lingochamp/okdownload,https://raw.githubusercontent.com/lingochamp/okdownload/master/README.md
dromara/shenyu,https://raw.githubusercontent.com/dromara/shenyu/master/README.md
logisim-evolution/logisim-evolution,https://raw.githubusercontent.com/logisim-evolution/logisim-evolution/master/README.md
williamfiset/deprecated-data-structures,https://raw.githubusercontent.com/williamfiset/deprecated-data-structures/master/README.md
bytelegend/bytelegend,https://raw.githubusercontent.com/bytelegend/bytelegend/master/README.md
learning-zone/java-interview-questions,https://raw.githubusercontent.com/learning-zone/java-interview-questions/master/README.md
datalinkdc/dlink,https://raw.githubusercontent.com/datalinkdc/dlink/master/README.md
apache/incubator-shenyu,https://raw.githubusercontent.com/apache/incubator-shenyu/master/README.md
papermc/paper,https://raw.githubusercontent.com/papermc/paper/master/README.md
dataease/dataease,https://raw.githubusercontent.com/dataease/dataease/master/README.md
revtel/react-native-nfc-manager,https://raw.githubusercontent.com/revtel/react-native-nfc-manager/master/README.md
didi/logikm,https://raw.githubusercontent.com/didi/logikm/master/README.md
failsafe-lib/failsafe,https://raw.githubusercontent.com/failsafe-lib/failsafe/master/README.md
apache/pinot,https://raw.githubusercontent.com/apache/pinot/master/README.md
kunal-kushwaha/dsa-bootcamp-java,https://raw.githubusercontent.com/kunal-kushwaha/dsa-bootcamp-java/master/README.md
neerazz/faang,https://raw.githubusercontent.com/neerazz/faang/master/README.md
acmenlt/dynamic-threadpool,https://raw.githubusercontent.com/acmenlt/dynamic-threadpool/master/README.md
smartloli/efak,https://raw.githubusercontent.com/smartloli/efak/master/README.md
wiremock/wiremock,https://raw.githubusercontent.com/wiremock/wiremock/master/README.md
alibaba/dragonwell8,https://raw.githubusercontent.com/alibaba/dragonwell8/master/README.md
ixrjog/opscloud4,https://raw.githubusercontent.com/ixrjog/opscloud4/master/README.md
interestinglab/earth-fleet,https://raw.githubusercontent.com/interestinglab/earth-fleet/master/README.md
vmware/differential-datalog,https://raw.githubusercontent.com/vmware/differential-datalog/master/README.md
klinker24/talon-for-twitter-android,https://raw.githubusercontent.com/klinker24/talon-for-twitter-android/master/README.md
interestinglab/seatunnel,https://raw.githubusercontent.com/interestinglab/seatunnel/master/README.md
apache/incubator-linkis,https://raw.githubusercontent.com/apache/incubator-linkis/master/README.md
fox2code/foxmagiskmodulemanager,https://raw.githubusercontent.com/fox2code/foxmagiskmodulemanager/master/README.md
kyson/androidgodeye,https://raw.githubusercontent.com/kyson/androidgodeye/master/README.md
sublimehq/packages,https://raw.githubusercontent.com/sublimehq/packages/master/README.md
dariuszseweryn/rxandroidble,https://raw.githubusercontent.com/dariuszseweryn/rxandroidble/master/README.md
haptic-apps/slide,https://raw.githubusercontent.com/haptic-apps/slide/master/README.md
neetcode-gh/leetcode,https://raw.githubusercontent.com/neetcode-gh/leetcode/master/README.md
trackercontrol/tracker-control-android,https://raw.githubusercontent.com/trackercontrol/tracker-control-android/master/README.md
apache/incubator-seatunnel,https://raw.githubusercontent.com/apache/incubator-seatunnel/master/README.md
bmuschko/gradle-docker-plugin,https://raw.githubusercontent.com/bmuschko/gradle-docker-plugin/master/README.md
cinit/qauxiliary,https://raw.githubusercontent.com/cinit/qauxiliary/master/README.md
dtstack/taier,https://raw.githubusercontent.com/dtstack/taier/master/README.md
birdlark/larkmidtable,https://raw.githubusercontent.com/birdlark/larkmidtable/master/README.md
yangchong211/ycapptool,https://raw.githubusercontent.com/yangchong211/ycapptool/master/README.md
py4j/py4j,https://raw.githubusercontent.com/py4j/py4j/master/README.md
x-ream/rey,https://raw.githubusercontent.com/x-ream/rey/master/README.md
datahub-project/datahub,https://raw.githubusercontent.com/datahub-project/datahub/master/README.md
longtai-cn/hippo4j,https://raw.githubusercontent.com/longtai-cn/hippo4j/master/README.md
mastodon/mastodon-android,https://raw.githubusercontent.com/mastodon/mastodon-android/master/README.md
grasscutters/grasscutter,https://raw.githubusercontent.com/grasscutters/grasscutter/master/README.md
didi/dokit,https://raw.githubusercontent.com/didi/dokit/master/README.md
spring-attic/spring-security-oauth,https://raw.githubusercontent.com/spring-attic/spring-security-oauth/master/README.md
bucket4j/bucket4j,https://raw.githubusercontent.com/bucket4j/bucket4j/master/README.md
mabaiwan/hippo4j,https://raw.githubusercontent.com/mabaiwan/hippo4j/master/README.md
apache/shenyu,https://raw.githubusercontent.com/apache/shenyu/master/README.md
zfile-dev/zfile,https://raw.githubusercontent.com/zfile-dev/zfile/master/README.md
assertj/assertj,https://raw.githubusercontent.com/assertj/assertj/master/README.md
inotia00/vancedmicrog,https://raw.githubusercontent.com/inotia00/vancedmicrog/master/README.md
amirzaidi/launcher3,https://raw.githubusercontent.com/amirzaidi/launcher3/master/README.md
teamvanced/vancedmicrog,https://raw.githubusercontent.com/teamvanced/vancedmicrog/master/README.md
helidon-io/helidon,https://raw.githubusercontent.com/helidon-io/helidon/master/README.md
apache/doris,https://raw.githubusercontent.com/apache/doris/master/README.md
software-mansion/react-native-svg,https://raw.githubusercontent.com/software-mansion/react-native-svg/master/README.md
atjiu/pybbs,https://raw.githubusercontent.com/atjiu/pybbs/master/README.md
sherxon/algods,https://raw.githubusercontent.com/sherxon/algods/master/README.md
learning-zone/java-basics,https://raw.githubusercontent.com/learning-zone/java-basics/master/README.md
dromara/lamp-cloud,https://raw.githubusercontent.com/dromara/lamp-cloud/master/README.md
alldatacenter/alldata,https://raw.githubusercontent.com/alldatacenter/alldata/master/README.md
gitblit-org/gitblit,https://raw.githubusercontent.com/gitblit-org/gitblit/master/README.md
apache/sedona,https://raw.githubusercontent.com/apache/sedona/master/README.md
xmanager-app/xmanager,https://raw.githubusercontent.com/xmanager-app/xmanager/master/README.md
clickhouse/clickhouse-java,https://raw.githubusercontent.com/clickhouse/clickhouse-java/master/README.md
dangdangdotcom/dubbox,https://raw.githubusercontent.com/dangdangdotcom/dubbox/master/README.md
spring-attic/spring-native,https://raw.githubusercontent.com/spring-attic/spring-native/master/README.md
arthurhub/android-image-cropper,https://raw.githubusercontent.com/arthurhub/android-image-cropper/master/README.md
pxb1988/dex2jar,https://raw.githubusercontent.com/pxb1988/dex2jar/master/README.md
apache/linkis,https://raw.githubusercontent.com/apache/linkis/master/README.md
krahets/hello-algo,https://raw.githubusercontent.com/krahets/hello-algo/master/README.md
datalinkdc/dinky,https://raw.githubusercontent.com/datalinkdc/dinky/master/README.md
team-xmanager/xmanager,https://raw.githubusercontent.com/team-xmanager/xmanager/master/README.md
unevensoftware/leafpic,https://raw.githubusercontent.com/unevensoftware/leafpic/master/README.md