写真,画像url,リンクurl,概要,Code
,(https://github.com/AlexeyAB/darknet/workflows/Darknet%20Continuous%20Integration/badge.svg,https://github.com/AlexeyAB/darknet/actions?query=workflow%3A%22Darknet+Continuous+Integration%22,"CI(継続的インテグレーションを指す。
アプリケーションへの新しいコード変更が定期的にビルド、テストされ共通リポジトリに統合されるもの。
ブランチが多すぎて競合することを防ぐ",[![Darknet Continuous Integration](https://github.com/AlexeyAB/darknet/workflows/Darknet%20Continuous%20Integration/badge.svg)](https://github.com/AlexeyAB/darknet/actions?query=workflow%3A%22Darknet+Continuous+Integration%22)
,(https://circleci.com/gh/AlexeyAB/darknet.svg?style=svg,https://circleci.com/gh/AlexeyAB/darknet,"Saas型のCI/CDサービスでクラウド上のコンテナかVMを実行環境として使用する
Saas(software as aServiceはインターネット経由でどこからでもアクセスが可能であることで複数のユーザーが同時に作業できる
VM(Virtual Machineはコンピューターの中にコンピュータを作るもの",[![CircleCI](https://circleci.com/gh/AlexeyAB/darknet.svg?style=svg)](https://circleci.com/gh/AlexeyAB/darknet)
,(https://img.shields.io/github/contributors/AlexeyAB/Darknet.svg,https://github.com/AlexeyAB/darknet/graphs/contributors,プロジェクトの貢献者数,[![Contributors](https://img.shields.io/github/contributors/AlexeyAB/Darknet.svg)](https://github.com/AlexeyAB/darknet/graphs/contributors)
,(https://img.shields.io/badge/license-Unlicense-blue.svg,https://github.com/AlexeyAB/darknet/blob/master/LICENSE,"ライセンスとしてUnicenseを使用している
Unicenseはパブリックドメインとして権利を放棄できるゆるいライセンス",[![License: Unlicense](https://img.shields.io/badge/license-Unlicense-blue.svg)](https://github.com/AlexeyAB/darknet/blob/master/LICENSE)
,(https://zenodo.org/badge/75388965.svg,https://zenodo.org/badge/latestdoi/75388965,"永続的識別子(DOIを作成できる。
Zenodoを使用することでリポジトリをアーカイブすることができる。",[![DOI](https://zenodo.org/badge/75388965.svg)](https://zenodo.org/badge/latestdoi/75388965)
,(http://img.shields.io/badge/cs.CV-arXiv%3A2004.10934-B31B1B.svg,https://arxiv.org/abs/2004.10934,"Computer Vision and Pattern Recognitionの略称。コンピュータビジョンやパターン認識などを扱うカテゴリ
論文を提出する際のカテゴリ分けの様なもの
これは物体検出の最適な速度と精度について",[![arxiv.org](http://img.shields.io/badge/cs.CV-arXiv%3A2004.10934-B31B1B.svg)](https://arxiv.org/abs/2004.10934)
,(http://img.shields.io/badge/cs.CV-arXiv%3A2011.08036-B31B1B.svg,https://arxiv.org/abs/2011.08036,クロスステージ部分のネットワークのスケーリングについて,[![arxiv.org](http://img.shields.io/badge/cs.CV-arXiv%3A2011.08036-B31B1B.svg)](https://arxiv.org/abs/2011.08036)
,https://user-images.githubusercontent.com/4096485/86174089-b2709f80-bb29-11ea-9faf-3d8dc668a1a5.png,https://colab.research.google.com/drive/12QusaaRj_lUwCGDvQNfICpa7kA7_a2dE,"Googleが作成しているブラウザから直接Pythonを記述し、実行できるもの
これで環境構築の手間が省けるこれは環境構築の手順が書かれている",[![colab](https://user-images.githubusercontent.com/4096485/86174089-b2709f80-bb29-11ea-9faf-3d8dc668a1a5.png)](https://colab.research.google.com/drive/12QusaaRj_lUwCGDvQNfICpa7kA7_a2dE)
,(https://user-images.githubusercontent.com/4096485/86174097-b56b9000-bb29-11ea-9240-c17f6bacfc34.png,https://colab.research.google.com/drive/1_GdoqCJWXsChrOiY8sZMr_zbr_fH-0Fg,これは作成した環境の動かし方が書かれている,[![colab](https://user-images.githubusercontent.com/4096485/86174097-b56b9000-bb29-11ea-9240-c17f6bacfc34.png)](https://colab.research.google.com/drive/1_GdoqCJWXsChrOiY8sZMr_zbr_fH-0Fg)
,https://github.com/espressif/arduino-esp32/workflows/ESP32%20Arduino%20CI/badge.svg,なし,,![Build Status](https://github.com/espressif/arduino-esp32/workflows/ESP32%20Arduino%20CI/badge.svg) 
,https://readthedocs.com/projects/espressif -arduino-esp32/badge/?version=latest,https://docs.espressif.com/projects/arduino-esp32/en/latest/?badge=latest,https://docs.espressif.com/projects/esp-idf/en/latest/esp32/get-started/index.html,[![Documentation Status](https://readthedocs.com/projects/espressif) -arduino-esp32/badge/?version=latest)](https://docs.espressif.com/projects/arduino-esp32/en/latest/?badge=latest)
,https://github.com/espressif/arduino-esp32/actions/workflows/lib.yml/badge.svg?branch=master&event=schedule,https://github.com/ espressif/arduino-esp32/actions/workflows/lib.yml?link=http://https://github.com/espressif/arduino-esp32/blob/master/LIBRARIES_TEST.md,外部ライブラリのテスト結果は413個実行し、改善されている,[![External Libraries Test](https://github.com/espressif/arduino-esp32/actions/workflows/lib.yml/badge.svg?branch=master&event=schedule)](https://github.com/ espressif/arduino-esp32/actions/workflows/lib.yml?link=http://https://github.com/espressif/arduino-esp32/blob/master/LIBRARIES_TEST.md)
,https://img.shields.io/github/release/espressif/arduino-esp32.svg?style=last,https://github.com/espressif/arduino- esp32/releases/latest/ ,リリースバージョン,[![Release Version](https://img.shields.io/github/release/espressif/arduino-esp32.svg?style=last)](https://github.com/espressif/arduino- esp32/releases/latest/) 
,https://img.shields.io/github/downloads/espressif/arduino-esp32/latest/total.svg?style=plast,https://github.com/espressif/arduino-esp32/releases/latest/,最新ダウンロード数,[![Downloads](https://img.shields.io/github/downloads/espressif/arduino-esp32/latest/total.svg?style=plast)](https://github.com/espressif/arduino-esp32/releases/latest/)
,https://img.shields.io/github/release-date/espressif/arduino-esp32.svg?style=last,https://github. com/espressif/arduino-esp32/releases/latest/ ,リリース日,[![Release Date](https://img.shields.io/github/release-date/espressif/arduino-esp32.svg?style=last)](https://github. com/espressif/arduino-esp32/releases/latest/) 
,なし,なし,ESP32やESP32-S2などのチップに対応しているかを書かれていた,今回は表で表されていてChipとバージョンが縦横軸になっておりサポートされている場合このBadgeが書かれていた
,(https://github.com/micropython/micropython/workflows/unix%20port/badge.svg,https://github.com/micropython/micropython/actions?query=branch%3Amaster+event%3Apush,Codecovとはテストされていないコードを行単位で色付けしたり、プロジェクトのカバレッジがどの様に変化したかを可視化するものである。これはカバレッジが98%あるということである,[![CI badge](https://github.com/micropython/micropython/workflows/unix%20port/badge.svg)](https://github.com/micropython/micropython/actions?query=branch%3Amaster+event%3Apush)
,(https://github.com/micropython/micropython/workflows/unix%20port/badge.svg,https://github.com/micropython/micropython/actions?query=branch%3Amaster+event%3Apush,Linuxのポート接続が正常にできているか,[![CI badge](https://github.com/micropython/micropython/workflows/unix%20port/badge.svg)](https://github.com/micropython/micropython/actions?query=branch%3Amaster+event%3Apush)
,https://github.com/netdata/netdata/,https://img.shields.io/github/stars/netdata/netdata?style=social,スター数,"""https://github.com/netdata/netdata/""><img src=""https://img.shields.io/github/stars/netdata/netdata?style=social"""
,https://bestpractices.coreinfra Structure.org/projects/2231,https://bestpractices.coreinfrastructor.org/projects/2231/badge,Best Practice WGという機関のベストプラクティスという基準に合格しているという証拠,"""https://bestpractices.coreinfra Structure.org/projects/2231""><img src=""https://bestpractices.coreinfrastructor.org/projects/2231/badge"""
,https://codeclimate.com/github/netdata/netdata/badges/gpa.svg,https://codeclimate.com/github/netdata/netdata,ソースコードの読みやすさを自動で分析するツールのことで品質はAということ,"""https://codeclimate.com/github/netdata/netdata""><img src=""https://codeclimate.com/github/netdata/netdata/badges/gpa.svg"" "
,https://www.gnu.org/licenses/gpl-3.0,https://img.shields.io/badge/License-GPL%20v3%2B-blue.svg ,GPLはプログラムの複製物を所持しているものに対して実行や改変しそれらを再分布することを承諾するライセンスがある,"https://www.gnu.org/licenses/gpl-3.0"">　<img src=""https://img.shields.io/badge/License-GPL%20v3%2B-blue.svg "
,https://github.com/obsproject/obs-studio/actions/workflows/main.yml?query=event%3Apush+branch%3Amaster,https://github.com/obsproject/obs-studio/actions/workflows/main.yml/badge.svg?branch=master&event=push:alt:,ビルドができているか,image:: https://github.com/obsproject/obs-studio/actions/workflows/main.yml/badge.svg?branch=master&event=push:alt: OBS Studio Build Status - GitHub Actions:target: https://github.com/obsproject/obs-studio/actions/workflows/main.yml?query=event%3Apush+branch%3Amaster
,https://crowdin.com/project/obs-studio,https://badges.crowdin.net/obs-studio/localized.svg,crowdinとは多言語化し、完成した翻訳を自動的に展開できる様にするものである。これは66%翻訳されている,image:: https://badges.crowdin.net/obs-studio/localized.svg :alt: OBS Studio Translation Project Progress :target: https://crowdin.com/project/obs-studio
,https://obsproject.com/discord,https://img.shields.io/discord/348973006581923840.svg?label=&logo=discord&logoColor=ffffff&color=7389D8&labelColor=6A7EC2,Discodeのコミュニティーメンバー,image:: https://img.shields.io/discord/348973006581923840.svg?label=&logo=discord&logoColor=ffffff&color=7389D8&labelColor=6A7EC2:alt: OBS Studio Discord Server:target: https://obsproject.com/discord
,//github.com/openssl/openssl/actions?query=workflow%3A%22GitHub+CI%22,なし,AppVeyorとはCI・CDのlaaSなどで,  [![github actions ci badge]][github actions ci] :alt: OBS Studio Discord Serverhttps://github.com/openssl/openssl/actions?query=workflow%3A%22GitHub+CI%22
,なし,なし,,[![appveyor badge]][appveyor jobs]
,https://github.com/php/php-src/actions/workflows/push.yml/badge.svg,https://github.com/php/php-src/actions/workflows/push.yml,,[![Push](https://github.com/php/php-src/actions/workflows/push.yml/badge.svg)](https://github.com/php/php-src/actions/workflows/push.yml)
,https://travis-ci.com/php/php-src.svg?branch=master,https://travis-ci.com/github/php/php-src,,[![Build status](https://travis-ci.com/php/php-src.svg?branch=master)](https://travis-ci.com/github/php/php-src)
,https://oss-fuzz-build-logs.storage.googleapis.com/badges/php.svg,https://bugs.chromium.org/p/oss-fuzz/issues/list?sort=-opened&can=1&q=proj:php,oss-fuzzとは開発対象のアプリに対して不正なデータ入力を自動で行い、バグや脆弱性を発見するテスト,[![Fuzzing Status](https://oss-fuzz-build-logs.storage.googleapis.com/badges/php.svg)](https://bugs.chromium.org/p/oss-fuzz/issues/list?sort=-opened&can=1&q=proj:php)
,https://img.shields.io/github/forks/qmk/qmk_firmware.svg?style=social&label=Fork,https://github.com/qmk/qmk_firmware/,Githubのfork数,[![GitHub forks](https://img.shields.io/github/forks/qmk/qmk_firmware.svg?style=social&label=Fork)](https://github.com/qmk/qmk_firmware/)
,https://shadowsocks.org,なし,,[Shadowsocks-libev](https://shadowsocks.org)
,https://img.shields.io/pypi/pyversions/tensorflow.svg,https://badge.fury.io/py/tensorflow,,[![Python](https://img.shields.io/pypi/pyversions/tensorflow.svg)](https://badge.fury.io/py/tensorflow)
,https://badge.fury.io/py/tensorflow.svg,https://badge.fury.io/py/tensorflow,Pythonのパッケージや依存パッケージをダウンロードしてインストールする機能がある,[![PyPI](https://badge.fury.io/py/tensorflow.svg)](https://badge.fury.io/py/tensorflow)
,(https://zenodo.org/badge/DOI/10.5281/zenodo.4724125.svg,https://doi.org/10.5281/zenodo.4724125,Url情報とIDをペアで保管し、問い合わせに対して、所在Urlを返すUrlが変わった場合、情報を更新する,[![DOI](https://zenodo.org/badge/DOI/10.5281/zenodo.4724125.svg)](https://doi.org/10.5281/zenodo.4724125)
,https://bestpractices.coreinfrastructure.org/projects/1486/badge,https://bestpractices.coreinfrastructure.org/projects/1486,OSSプロジェクトに重大な気弱声があった場合、大きな影響を与えるものにプロジェクトの年齢、貢献者の数、依存関係などをパラメータで測る,[![CII Best Practices](https://bestpractices.coreinfrastructure.org/projects/1486/badge)](https://bestpractices.coreinfrastructure.org/projects/1486)
,[![OpenSSF Scorecard],https://api.securityscorecards.dev/projects/github.com/tensorflow/tensorflow,,[![OpenSSF Scorecard](https://api.securityscorecards.dev/projects/github.com/tensorflow/tensorflow/badge)](https://api.securityscorecards.dev/projects/github.com/tensorflow/tensorflow)
,https://oss-fuzz-build-logs.storage.googleapis.com/badges/tensorflow.svg,https://bugs.chromium.org/p/oss-fuzz/issues/list?sort=-opened&can=1&q=proj:tensorflow,,[![Fuzzing Status](https://oss-fuzz-build-logs.storage.googleapis.com/badges/tensorflow.svg)](https://bugs.chromium.org/p/oss-fuzz/issues/list?sort=-opened&can=1&q=proj:tensorflow)
,https://oss-fuzz-build-logs.storage.googleapis.com/badges/tensorflow-py.svg,https://bugs.chromium.org/p/oss-fuzz/issues/list?sort=-opened&can=1&q=proj:tensorflow-py,オープンソフトウェアに対するファジング・プラットフォームでバグや気弱性を発見するテスト法,[![Fuzzing Status](https://oss-fuzz-build-logs.storage.googleapis.com/badges/tensorflow-py.svg)](https://bugs.chromium.org/p/oss-fuzz/issues/list?sort=-opened&can=1&q=proj:tensorflow-py)
,https://shields.io/endpoint?url=https://ossrank.com/shield/44,https://ossrank.com/p/44,オープンソースをさまざまなものでランク付けしているもの,[![OSSRank](https://shields.io/endpoint?url=https://ossrank.com/shield/44)](https://ossrank.com/p/44)
,https://img.shields.io/badge/Contributor%20Covenant-v1.4%20adopted-ff69b4.svg,CODE_OF_CONDUCT.md,差別などの人を不快にする表現がないという意志,[![Contributor Covenant](https://img.shields.io/badge/Contributor%20Covenant-v1.4%20adopted-ff69b4.svg)](CODE_OF_CONDUCT.md)
,https://tensorflow.github.io/build/TF%20Official%20Continuous.svg,https://tensorflow.github.io/build#TF%20Official%20Continuous,CPU、GPUなどのテスト結果や、ビルトが実行できるかのテストを行う,[![TF Official Continuous](https://tensorflow.github.io/build/TF%20Official%20Continuous.svg)](https://tensorflow.github.io/build#TF%20Official%20Continuous)
,https://tensorflow.github.io/build/TF%20Official%20Nightly.svg,https://tensorflow.github.io/build#TF%20Official%20Nightly,,[![TF Official Nightly](https://tensorflow.github.io/build/TF%20Official%20Nightly.svg)](https://tensorflow.github.io/build#TF%20Official%20Nightly)
,https://img.shields.io/badge/api-reference-blue.svg,https://www.tensorflow.org/api_docs/,　機械学習の分野で活用。データの読み込みや計算・出力などの処理を行える,[![Documentation](https://img.shields.io/badge/api-reference-blue.svg)](https://www.tensorflow.org/api_docs/)
,https://storage.googleapis.com/tensorflow-kokoro-build-badges/ubuntu-cc.svg,https://storage.googleapis.com/tensorflow-kokoro-build-badges/ubuntu-cc.html  ,好きなようにCUI(キャラクターインターフェースを導入できる開発者向けのOS,[![Status](https://storage.googleapis.com/tensorflow-kokoro-build-badges/ubuntu-cc.svg)](https://storage.googleapis.com/tensorflow-kokoro-build-badges/ubuntu-cc.html)  
, https://storage.googleapis.com/tensorflow-kokoro-build-badges/ubuntu-gpu-py3.svg,https://storage.googleapis.com/tensorflow-kokoro-build-badges/ubuntu-gpu-py3.html,, [![Status](https://storage.googleapis.com/tensorflow-kokoro-build-badges/ubuntu-gpu-py3.svg)](https://storage.googleapis.com/tensorflow-kokoro-build-badges/ubuntu-gpu-py3.html)
,https://storage.googleapis.com/tensorflow-kokoro-build-badges/ubuntu-xla.svg,https://storage.googleapis.com/tensorflow-kokoro-build-badges/ubuntu-xla.html  ,,[![Status](https://storage.googleapis.com/tensorflow-kokoro-build-badges/ubuntu-xla.svg)](https://storage.googleapis.com/tensorflow-kokoro-build-badges/ubuntu-xla.html)  
,https://storage.googleapis.com/tensorflow-kokoro-build-badges/macos-py2-cc.svg,https://storage.googleapis.com/tensorflow-kokoro-build-badges/macos-py2-cc.html,,[![Status](https://storage.googleapis.com/tensorflow-kokoro-build-badges/macos-py2-cc.svg)](https://storage.googleapis.com/tensorflow-kokoro-build-badges/macos-py2-cc.html)
,https://storage.googleapis.com/tensorflow-kokoro-build-badges/rpi23-py3.svg,https://storage.googleapis.com/tensorflow-kokoro-build-badges/rpi23-py3.html ,ラズベリーパイの応答できるか,[![Status](https://storage.googleapis.com/tensorflow-kokoro-build-badges/rpi23-py3.svg)](https://storage.googleapis.com/tensorflow-kokoro-build-badges/rpi23-py3.html) 
,https://storage.googleapis.com/tensorflow-kokoro-build-badges/windows-cpu.svg,https://storage.googleapis.com/tensorflow-kokoro-build-badges/windows-cpu.html  ,,[![Status](https://storage.googleapis.com/tensorflow-kokoro-build-badges/windows-cpu.svg)](https://storage.googleapis.com/tensorflow-kokoro-build-badges/windows-cpu.html)  
,https://storage.googleapis.com/tensorflow-kokoro-build-badges/windows-gpu.svg,https://storage.googleapis.com/tensorflow-kokoro-build-badges/windows-gpu.html,,[![Status](https://storage.googleapis.com/tensorflow-kokoro-build-badges/windows-gpu.svg)](https://storage.googleapis.com/tensorflow-kokoro-build-badges/windows-gpu.html)
, https://storage.googleapis.com/tensorflow-kokoro-build-badges/android.svg,https://storage.googleapis.com/tensorflow-kokoro-build-badges/android.html,, [![Status](https://storage.googleapis.com/tensorflow-kokoro-build-badges/android.svg)](https://storage.googleapis.com/tensorflow-kokoro-build-badges/android.html)
, https://storage.googleapis.com/tensorflow-kokoro-build-badges/rpi01-py3.svg,https://storage.googleapis.com/tensorflow-kokoro-build-badges/rpi01-py3.html,, [![Status](https://storage.googleapis.com/tensorflow-kokoro-build-badges/rpi01-py3.svg)](https://storage.googleapis.com/tensorflow-kokoro-build-badges/rpi01-py3.html
,https://ci.appveyor.com/api/projects/status/miah0ikfsf0j3819/branch/master?svg=true,https://ci.appveyor.com/project/zdenop/tesseract/,,[![Build status](https://ci.appveyor.com/api/projects/status/miah0ikfsf0j3819/branch/master?svg=true)](https://ci.appveyor.com/project/zdenop/tesseract/)
,https://github.com/tesseract-ocr/tesseract/workflows/sw/badge.svg,https://github.com/tesseract-ocr/tesseract/actions/workflows/sw.yml\,,[![Build status](https://github.com/tesseract-ocr/tesseract/workflows/sw/badge.svg)](https://github.com/tesseract-ocr/tesseract/actions/workflows/sw.yml)\
,https://github.com/tesseract-ocr/tesseract/workflows/CodeQL/badge.svg,https://github.com/tesseract-ocr/tesseract/security/code-scanning,CodeQLは Githubが作成したコード分析エンジン,[![CodeQL](https://github.com/tesseract-ocr/tesseract/workflows/CodeQL/badge.svg)](https://github.com/tesseract-ocr/tesseract/security/code-scanning)
,https://img.shields.io/badge/oss--fuzz-fuzzing-brightgreen,https://bugs.chromium.org/p/oss-fuzz/issues/list?sort=-opened&can=2&q=proj:tesseract-ocr,,[![OSS-Fuzz](https://img.shields.io/badge/oss--fuzz-fuzzing-brightgreen)](https://bugs.chromium.org/p/oss-fuzz/issues/list?sort=-opened&can=2&q=proj:tesseract-ocr)
,https://img.shields.io/badge/license-Apache--2.0-blue.svg,https://raw.githubusercontent.com/tesseract-ocr/tesseract/main/LICENSE,,[![GitHub license](https://img.shields.io/badge/license-Apache--2.0-blue.svg)](https://raw.githubusercontent.com/tesseract-ocr/tesseract/main/LICENSE)
,https://img.shields.io/badge/download-all%20releases-brightgreen.svg,https://github.com/tesseract-ocr/tesseract/releases/,,[![Downloads](https://img.shields.io/badge/download-all%20releases-brightgreen.svg)](https://github.com/tesseract-ocr/tesseract/releases/)
,https://img.shields.io/badge/dynamic/json?color=green&label=Downloads&query=totalString&url=https%3A%2F%2Fraw.githubusercontent.com%2Ftopjohnwu%2Fmagisk-files%2Fcount%2Fcount.json&cacheSeconds=1800,https://raw.githubusercontent.com/topjohnwu/magisk-files/count/count.json,,[![Downloads](https://img.shields.io/badge/dynamic/json?color=green&label=Downloads&query=totalString&url=https%3A%2F%2Fraw.githubusercontent.com%2Ftopjohnwu%2Fmagisk-files%2Fcount%2Fcount.json&cacheSeconds=1800)](https://raw.githubusercontent.com/topjohnwu/magisk-files/count/count.json)
,https://img.shields.io/badge/Magisk-v26.1-blue,https://github.com/topjohnwu/Magisk/releases/tag/v26.1,Android端末用のルート管理のためのアプリ、,[![](https://img.shields.io/badge/Magisk-v26.1-blue)](https://github.com/topjohnwu/Magisk/releases/tag/v26.1)
,https://img.shields.io/badge/Magisk%20Beta-v26.1-blue,https://github.com/topjohnwu/Magisk/releases/tag/v26.1,,[![](https://img.shields.io/badge/Magisk%20Beta-v26.1-blue)](https://github.com/topjohnwu/Magisk/releases/tag/v26.1)
,https://img.shields.io/badge/Magisk-Canary-red,https://raw.githubusercontent.com/topjohnwu/magisk-files/canary/app-release.apk,,[![](https://img.shields.io/badge/Magisk-Canary-red)](https://raw.githubusercontent.com/topjohnwu/magisk-files/canary/app-release.apk)
,https://img.shields.io/badge/Magisk-Debug-red,https://raw.githubusercontent.com/topjohnwu/magisk-files/canary/app-debug.apk,,[![](https://img.shields.io/badge/Magisk-Debug-red)](https://raw.githubusercontent.com/topjohnwu/magisk-files/canary/app-debug.apk)
,https://isitmaintained.com/badge/resolution/TrinityCore/TrinityCore.svg,"https://isitmaintained.com/project/TrinityCore/TrinityCore ""Average time to resolve an issue""",,"[![Average time to resolve an issue](https://isitmaintained.com/badge/resolution/TrinityCore/TrinityCore.svg)](https://isitmaintained.com/project/TrinityCore/TrinityCore ""Average time to resolve an issue"")"
,https://isitmaintained.com/badge/open/TrinityCore/TrinityCore.svg,"https://isitmaintained.com/project/TrinityCore/TrinityCore ""Percentage of issues still open""",,"[![Percentage of issues still open](https://isitmaintained.com/badge/open/TrinityCore/TrinityCore.svg)](https://isitmaintained.com/project/TrinityCore/TrinityCore ""Percentage of issues still open"")"
,https://circleci.com/gh/TrinityCore/TrinityCore/tree/master.svg?style=shield,https://circleci.com/gh/TrinityCore/TrinityCore/tree/master,開発中のものを自動化できる,[![master Build Status](https://circleci.com/gh/TrinityCore/TrinityCore/tree/master.svg?style=shield)](https://circleci.com/gh/TrinityCore/TrinityCore/tree/master)
,https://circleci.com/gh/TrinityCore/TrinityCore/tree/3.3.5.svg?style=shield,https://circleci.com/gh/TrinityCore/TrinityCore/tree/3.3.5,, [![3.3.5 Build Status](https://circleci.com/gh/TrinityCore/TrinityCore/tree/3.3.5.svg?style=shield)](https://circleci.com/gh/TrinityCore/TrinityCore/tree/3.3.5)
,https://ci.appveyor.com/api/projects/status/54d0u1fxe50ad80o/branch/master?svg=true,https://ci.appveyor.com/project/DDuarte/trinitycore/branch/master,,[![master Build status](https://ci.appveyor.com/api/projects/status/54d0u1fxe50ad80o/branch/master?svg=true)](https://ci.appveyor.com/project/DDuarte/trinitycore/branch/master)
, https://ci.appveyor.com/api/projects/status/54d0u1fxe50ad80o/branch/3.3.5?svg=true,https://ci.appveyor.com/project/DDuarte/trinitycore/branch/3.3.5,, [![Build status](https://ci.appveyor.com/api/projects/status/54d0u1fxe50ad80o/branch/3.3.5?svg=true)](https://ci.appveyor.com/project/DDuarte/trinitycore/branch/3.3.5)
,https://github.com/TrinityCore/TrinityCore/actions/workflows/gcc-build.yml/badge.svg?branch=master&event=push,https://github.com/TrinityCore/TrinityCore/actions?query=workflow%3AGCC+branch%3Amaster+event%3Apush,,[![master GCC Build status](https://github.com/TrinityCore/TrinityCore/actions/workflows/gcc-build.yml/badge.svg?branch=master&event=push)](https://github.com/TrinityCore/TrinityCore/actions?query=workflow%3AGCC+branch%3Amaster+event%3Apush)
,https://github.com/TrinityCore/TrinityCore/actions/workflows/gcc-build.yml/badge.svg?branch=3.3.5&event=push,https://github.com/TrinityCore/TrinityCore/actions?query=workflow%3AGCC+branch%3A3.3.5+event%3Apush,,[![3.3.5 GCC Build status](https://github.com/TrinityCore/TrinityCore/actions/workflows/gcc-build.yml/badge.svg?branch=3.3.5&event=push)](https://github.com/TrinityCore/TrinityCore/actions?query=workflow%3AGCC+branch%3A3.3.5+event%3Apush)
,https://scan.coverity.com/projects/435/badge.svg,https://scan.coverity.com/projects/435  https://scan.coverity.com/projects/4656/badge.svg](https://scan.coverity.com/projects/4656,開発促進とセキュリティ向上と品質の向上を行う,[![Coverity Scan Build Status](https://scan.coverity.com/projects/435/badge.svg)](https://scan.coverity.com/projects/435)  [![Coverity Scan Build Status](https://scan.coverity.com/projects/4656/badge.svg)](https://scan.coverity.com/projects/4656)
,https://badges.gitter.im/Activiti/Activiti7.svg,https://gitter.im/Activiti/Activiti7?utm_source=badge&utm_medium=badge&utm_campaign=pr-badge&utm_content=badge,,[![Join Us in Gitter](https://badges.gitter.im/Activiti/Activiti7.svg)](https://gitter.im/Activiti/Activiti7?utm_source=badge&utm_medium=badge&utm_campaign=pr-badge&utm_content=badge)
,https://github.com/Activiti/Activiti/actions/workflows/main.yml/badge.svg,https://github.com/Activiti/Activiti/actions/workflows/main.yml,,[![CI](https://github.com/Activiti/Activiti/actions/workflows/main.yml/badge.svg)](https://github.com/Activiti/Activiti/actions/workflows/main.yml)
,https://api.codacy.com/project/badge/Grade/8035801ae94c441981f363fa99824a33,https://www.codacy.com/gh/Activiti/Activiti?utm_source=github.com&utm_medium=referral&utm_content=Activiti/Activiti&utm_campaign=Badge_Grade,,[![Codacy Badge](https://api.codacy.com/project/badge/Grade/8035801ae94c441981f363fa99824a33)](https://www.codacy.com/gh/Activiti/Activiti?utm_source=github.com&utm_medium=referral&utm_content=Activiti/Activiti&utm_campaign=Badge_Grade)
,https://img.shields.io/hexpm/l/plug.svg,https://github.com/Activiti/Activiti/blob/develop/LICENSE.txt,,[![ASL 2.0](https://img.shields.io/hexpm/l/plug.svg)](https://github.com/Activiti/Activiti/blob/develop/LICENSE.txt)
,https://cla-assistant.io/readme/badge/Activiti/Activiti,https://cla-assistant.io/Activiti/Activiti,CLAという認定試験に合格している,[![CLA](https://cla-assistant.io/readme/badge/Activiti/Activiti)](https://cla-assistant.io/Activiti/Activiti)
,https://www.meterian.io/badge/gh/Activiti/Activiti/security,https://www.meterian.io/report/gh/Activiti/Activiti,,[![security status](https://www.meterian.io/badge/gh/Activiti/Activiti/security)](https://www.meterian.io/report/gh/Activiti/Activiti)
,https://www.meterian.io/badge/gh/Activiti/Activiti/stability,https://www.meterian.io/report/gh/Activiti/Activiti,,[![stability status](https://www.meterian.io/badge/gh/Activiti/Activiti/stability)](https://www.meterian.io/report/gh/Activiti/Activiti)
,https://www.meterian.io/badge/gh/Activiti/Activiti/licensing,https://www.meterian.io/report/gh/Activiti/Activiti,,[![licensing status](https://www.meterian.io/badge/gh/Activiti/Activiti/licensing)](https://www.meterian.io/report/gh/Activiti/Activiti)
,なし,https://maven-badges.herokuapp.com/maven-central/com.airbnb.android/lottie/badge.svg,Mavenとはプロジェクトのビルド、テスト、成果物などを全体を管理するもの,![lottieVersion](https://maven-badges.herokuapp.com/maven-central/com.airbnb.android/lottie/badge.svg)
,,,,
,https://github.com/alibaba/arthas/workflows/JavaCI/badge.svg,https://github.com/alibaba/arthas/actions,,[![Build Status](https://github.com/alibaba/arthas/workflows/JavaCI/badge.svg)](https://github.com/alibaba/arthas/actions)
,https://img.shields.io/maven-central/v/com.taobao.arthas/arthas-packaging.svg,https://search.maven.org/search?q=g:com.taobao.arthas,,[![maven](https://img.shields.io/maven-central/v/com.taobao.arthas/arthas-packaging.svg)](https://search.maven.org/search?q=g:com.taobao.arthas)
,http://isitmaintained.com/badge/resolution/alibaba/arthas.svg,"http://isitmaintained.com/project/alibaba/arthas ""Average time to resolve an issue""",,"[![Average time to resolve an issue](http://isitmaintained.com/badge/resolution/alibaba/arthas.svg)](http://isitmaintained.com/project/alibaba/arthas ""Average time to resolve an issue"")"
,http://isitmaintained.com/badge/open/alibaba/arthas.svg,"http://isitmaintained.com/project/alibaba/arthas ""Percentage of issues still open""",,"[![Percentage of issues still open](http://isitmaintained.com/badge/open/alibaba/arthas.svg)](http://isitmaintained.com/project/alibaba/arthas ""Percentage of issues still open"")"
,https://img.shields.io/badge/Arthas-Check%20Your%20Contribution-orange,https://opensource.alibaba.com/contribution_leaderboard/details?projectValue=arthas,Javaアプリの監視や、プロファイリングができるツール,[![Leaderboard](https://img.shields.io/badge/Arthas-Check%20Your%20Contribution-orange)](https://opensource.alibaba.com/contribution_leaderboard/details?projectValue=arthas)
,,,,
,,,,
,,,,
,,,,
,https://travis-ci.com/alibaba/canal.svg?branch=master,https://travis-ci.com/alibaba/canal,,[![build status](https://travis-ci.com/alibaba/canal.svg?branch=master)](https://travis-ci.com/alibaba/canal)
,https://codecov.io/gh/alibaba/canal/branch/master/graph/badge.svg,https://codecov.io/gh/alibaba/canal,,[![codecov](https://codecov.io/gh/alibaba/canal/branch/master/graph/badge.svg)](https://codecov.io/gh/alibaba/canal)
,https://img.shields.io/maven-central/v/com.alibaba.otter/canal.svg,なし,,![maven](https://img.shields.io/maven-central/v/com.alibaba.otter/canal.svg)
,https://img.shields.io/github/license/alibaba/canal.svg,なし,,![license](https://img.shields.io/github/license/alibaba/canal.svg)
,http://isitmaintained.com/badge/resolution/alibaba/canal.svg,"http://isitmaintained.com/project/alibaba/canal ""average time to resolve an issue""",,"[![average time to resolve an issue](http://isitmaintained.com/badge/resolution/alibaba/canal.svg)](http://isitmaintained.com/project/alibaba/canal ""average time to resolve an issue"")"
,http://isitmaintained.com/badge/open/alibaba/canal.svg,"http://isitmaintained.com/project/alibaba/canal ""percentage of issues still open""",,"[![percentage of issues still open](http://isitmaintained.com/badge/open/alibaba/canal.svg)](http://isitmaintained.com/project/alibaba/canal ""percentage of issues still open"")"
,https://img.shields.io/badge/Canal-%E6%9F%A5%E7%9C%8B%E8%B4%A1%E7%8C%AE%E6%8E%92%E8%A1%8C%E6%A6%9C-orange,https://opensource.alibaba.com/contribution_leaderboard/details?projectValue=canal,,[![Leaderboard](https://img.shields.io/badge/Canal-%E6%9F%A5%E7%9C%8B%E8%B4%A1%E7%8C%AE%E6%8E%92%E8%A1%8C%E6%A6%9C-orange)](https://opensource.alibaba.com/contribution_leaderboard/details?projectValue=canal)
,https://img.shields.io/github/workflow/status/alibaba/fastjson2/Java%20CI/main?logo=github&logoColor=white,https://github.com/alibaba/fastjson2/actions/workflows/ci.yaml,,[![Java CI](https://img.shields.io/github/workflow/status/alibaba/fastjson2/Java%20CI/main?logo=github&logoColor=white)](https://github.com/alibaba/fastjson2/actions/workflows/ci.yaml)
,https://maven-badges.herokuapp.com/maven-central/com.alibaba/druid/badge.svg,https://maven-badges.herokuapp.com/maven-central/com.alibaba/druid/,,[![Maven Central](https://maven-badges.herokuapp.com/maven-central/com.alibaba/druid/badge.svg)](https://maven-badges.herokuapp.com/maven-central/com.alibaba/druid/)
,https://img.shields.io/codecov/c/github/alibaba/driud/main?logo=codecov&logoColor=white,https://codecov.io/gh/alibaba/druid/branch/master ,,[![Codecov](https://img.shields.io/codecov/c/github/alibaba/driud/main?logo=codecov&logoColor=white)](https://codecov.io/gh/alibaba/druid/branch/master) 
,https://img.shields.io/github/release/alibaba/druid.svg,https://github.com/alibaba/druid/releases,,[![GitHub release](https://img.shields.io/github/release/alibaba/druid.svg)](https://github.com/alibaba/druid/releases)
,https://img.shields.io/badge/license-Apache%202-4EB1BA.svg,https://www.apache.org/licenses/LICENSE-2.0.html,,[![License](https://img.shields.io/badge/license-Apache%202-4EB1BA.svg)](https://www.apache.org/licenses/LICENSE-2.0.html)
,https://badge.buildkite.com/aca47f40a32735c00a8550540c5eeff6a4c1d246a580cae9b0.svg?branch=master,https://buildkite.com/xgboost/xgboost-ci,,[![Build Status](https://badge.buildkite.com/aca47f40a32735c00a8550540c5eeff6a4c1d246a580cae9b0.svg?branch=master)](https://buildkite.com/xgboost/xgboost-ci)
,https://github.com/dmlc/xgboost/workflows/XGBoost-CI/badge.svg?branch=master,https://github.com/dmlc/xgboost/actions,サンプル学習の一つブースティング、決定木を組み合わせている,[![XGBoost-CI](https://github.com/dmlc/xgboost/workflows/XGBoost-CI/badge.svg?branch=master)](https://github.com/dmlc/xgboost/actions)
,https://readthedocs.org/projects/xgboost/badge/?version=latest,https://xgboost.readthedocs.org,,[![Documentation Status](https://readthedocs.org/projects/xgboost/badge/?version=latest)](https://xgboost.readthedocs.org)
,http://dmlc.github.io/img/apache2.svg,なし,,[![GitHub license](http://dmlc.github.io/img/apache2.svg)](./LICENSE)
,http://www.r-pkg.org/badges/version/xgboost,http://cran.r-project.org/web/packages/xgboost,R本体や各種パッケージをダウンロードするためのWebサイトでミラーサイトが全国にある,[![CRAN Status Badge](http://www.r-pkg.org/badges/version/xgboost)](http://cran.r-project.org/web/packages/xgboost)
,https://badge.fury.io/py/xgboost.svg,https://pypi.python.org/pypi/xgboost/,,[![PyPI version](https://badge.fury.io/py/xgboost.svg)](https://pypi.python.org/pypi/xgboost/)
,https://img.shields.io/conda/vn/conda-forge/py-xgboost.svg,https://anaconda.org/conda-forge/py-xgboost,,[![Conda version](https://img.shields.io/conda/vn/conda-forge/py-xgboost.svg)](https://anaconda.org/conda-forge/py-xgboost)
,https://img.shields.io/badge/Optuna-integrated-blue,https://optuna.org,ベイズ最適化をすることで、パラメータの捜索を効率化することができるもの,[![Optuna](https://img.shields.io/badge/Optuna-integrated-blue)](https://optuna.org)
,https://img.shields.io/badge/@XGBoostProject--_.svg?style=social&logo=twitter,https://twitter.com/XGBoostProject,,[![Twitter](https://img.shields.io/badge/@XGBoostProject--_.svg?style=social&logo=twitter)](https://twitter.com/XGBoostProject)
,https://api.securityscorecards.dev/projects/github.com/dmlc/xgboost/badge,https://api.securityscorecards.dev/projects/github.com/dmlc/xgboost,,[![OpenSSF Scorecard](https://api.securityscorecards.dev/projects/github.com/dmlc/xgboost/badge)](https://api.securityscorecards.dev/projects/github.com/dmlc/xgboost)
,https://opencollective.com/xgboost/backers/badge.svg,なし,,[![Backers on Open Collective](https://opencollective.com/xgboost/backers/badge.svg)](#backers)
,https://opencollective.com/xgboost/sponsors/badge.svg,なし,スポンサーの数,[![Sponsors on Open Collective](https://opencollective.com/xgboost/sponsors/badge.svg)](#sponsors)
,https://github.com/alibaba/easyexcel/actions/workflows/ci.yml/badge.svg?branch=master,https://github.com/alibaba/easyexcel/actions/workflows/ci.yml?query=branch%3Amaster,,[![Build Status](https://github.com/alibaba/easyexcel/actions/workflows/ci.yml/badge.svg?branch=master)](https://github.com/alibaba/easyexcel/actions/workflows/ci.yml?query=branch%3Amaster)
,https://maven-badges.herokuapp.com/maven-central/com.alibaba/easyexcel/badge.svg,https://maven-badges.herokuapp.com/maven-central/com.alibaba/easyexcel,,[![Maven central](https://maven-badges.herokuapp.com/maven-central/com.alibaba/easyexcel/badge.svg)](https://maven-badges.herokuapp.com/maven-central/com.alibaba/easyexcel)
,http://img.shields.io/:license-apache-brightgreen.svg,http://www.apache.org/licenses/LICENSE-2.0.html,,[![License](http://img.shields.io/:license-apache-brightgreen.svg)](http://www.apache.org/licenses/LICENSE-2.0.html)
,https://img.shields.io/badge/EasyExcel-%E6%9F%A5%E7%9C%8B%E8%B4%A1%E7%8C%AE%E6%8E%92%E8%A1%8C%E6%A6%9C-orange,https://opensource.alibaba.com/contribution_leaderboard/details?projectValue=easyexcel,,[![](https://img.shields.io/badge/EasyExcel-%E6%9F%A5%E7%9C%8B%E8%B4%A1%E7%8C%AE%E6%8E%92%E8%A1%8C%E6%A6%9C-orange)](https://opensource.alibaba.com/contribution_leaderboard/details?projectValue=easyexcel)
,https://github.com/alibaba/fastjson/actions/workflows/ci.yaml/badge.svg?branch=master,https://github.com/alibaba/fastjson/actions/workflows/ci.yaml,,[![Java CI](https://github.com/alibaba/fastjson/actions/workflows/ci.yaml/badge.svg?branch=master)](https://github.com/alibaba/fastjson/actions/workflows/ci.yaml)
,https://codecov.io/gh/alibaba/fastjson/branch/master/graph/badge.svg,https://codecov.io/gh/alibaba/fastjson/branch/master,,[![Codecov](https://codecov.io/gh/alibaba/fastjson/branch/master/graph/badge.svg)](https://codecov.io/gh/alibaba/fastjson/branch/master)
,https://maven-badges.herokuapp.com/maven-central/com.alibaba/fastjson/badge.svg,https://maven-badges.herokuapp.com/maven-central/com.alibaba/fastjson/,,[![Maven Central](https://maven-badges.herokuapp.com/maven-central/com.alibaba/fastjson/badge.svg)](https://maven-badges.herokuapp.com/maven-central/com.alibaba/fastjson/)
,https://img.shields.io/github/release/alibaba/fastjson.svg,https://github.com/alibaba/fastjson/releases,,[![GitHub release](https://img.shields.io/github/release/alibaba/fastjson.svg)](https://github.com/alibaba/fastjson/releases)
,https://img.shields.io/badge/license-Apache%202-4EB1BA.svg,https://www.apache.org/licenses/LICENSE-2.0.html,,[![License](https://img.shields.io/badge/license-Apache%202-4EB1BA.svg)](https://www.apache.org/licenses/LICENSE-2.0.html)
,https://img.shields.io/badge/Gitpod-Ready--to--Code-blue?logo=gitpod,https://gitpod.io/#https://github.com/alibaba/fastjson ,Githubなどのページからすぐ使える使い捨てのVSCodeのクラウド環境を構築してくれる,[![Gitpod Ready-to-Code](https://img.shields.io/badge/Gitpod-Ready--to--Code-blue?logo=gitpod)](https://gitpod.io/#https://github.com/alibaba/fastjson) 
,https://oss-fuzz-build-logs.storage.googleapis.com/badges/fastjson2.svg,https://bugs.chromium.org/p/oss-fuzz/issues/list?sort=-opened&can=1&q=proj:fastjson2,,[![Fuzzing Status](https://oss-fuzz-build-logs.storage.googleapis.com/badges/fastjson2.svg)](https://bugs.chromium.org/p/oss-fuzz/issues/list?sort=-opened&can=1&q=proj:fastjson2)
,https://quality-gate.com/backend/api/timeline?branchName=master&projectName=alibaba_fastjson,https://quality-gate.com/dashboard/branches/7816#overview,メンテナンス性の度合い,[![QualityGate](https://quality-gate.com/backend/api/timeline?branchName=master&projectName=alibaba_fastjson)](https://quality-gate.com/dashboard/branches/7816#overview)
,https://badges.gitter.im/alibaba/nacos.svg,https://gitter.im/alibaba/nacos?utm_source=badge&utm_medium=badge&utm_campaign=pr-badge   https://img.shields.io/badge/license-Apache%202-4EB1BA.svg](https://www.apache.org/licenses/LICENSE-2.0.html,,[![Gitter](https://badges.gitter.im/alibaba/nacos.svg)](https://gitter.im/alibaba/nacos?utm_source=badge&utm_medium=badge&utm_campaign=pr-badge)   [![License](https://img.shields.io/badge/license-Apache%202-4EB1BA.svg)](https://www.apache.org/licenses/LICENSE-2.0.html)
,https://travis-ci.org/alibaba/nacos.svg?branch=master,https://travis-ci.org/alibaba/nacos,,[![Gitter](https://travis-ci.org/alibaba/nacos.svg?branch=master)](https://travis-ci.org/alibaba/nacos)
,https://img.shields.io/badge/Nacos-Check%20Your%20Contribution-orange,https://opensource.alibaba.com/contribution_leaderboard/details?projectValue=nacos,クラウドネイティブアプリケーションを構築するための動的サービス、構成、サービス管理のプラットフォーム,[![](https://img.shields.io/badge/Nacos-Check%20Your%20Contribution-orange)](https://opensource.alibaba.com/contribution_leaderboard/details?projectValue=nacos)
,https://github.com/alibaba/Sentinel/actions/workflows/ci.yml/badge.svg,https://github.com/alibaba/Sentinel/actions/workflows/ci.yml,,[![Sentinel CI](https://github.com/alibaba/Sentinel/actions/workflows/ci.yml/badge.svg)](https://github.com/alibaba/Sentinel/actions/workflows/ci.yml)
,https://codecov.io/gh/alibaba/Sentinel/branch/master/graph/badge.svg,https://codecov.io/gh/alibaba/Sentinel,,[![Codecov](https://codecov.io/gh/alibaba/Sentinel/branch/master/graph/badge.svg)](https://codecov.io/gh/alibaba/Sentinel)
,https://img.shields.io/maven-central/v/com.alibaba.csp/sentinel-core.svg?label=Maven%20Central,https://search.maven.org/search?q=g:com.alibaba.csp%20AND%20a:sentinel-core,,[![Maven Central](https://img.shields.io/maven-central/v/com.alibaba.csp/sentinel-core.svg?label=Maven%20Central)](https://search.maven.org/search?q=g:com.alibaba.csp%20AND%20a:sentinel-core)
,https://img.shields.io/badge/license-Apache%202-4EB1BA.svg,https://www.apache.org/licenses/LICENSE-2.0.html,,[![License](https://img.shields.io/badge/license-Apache%202-4EB1BA.svg)](https://www.apache.org/licenses/LICENSE-2.0.html)
,https://badges.gitter.im/alibaba/Sentinel.svg,https://gitter.im/alibaba/Sentinel,,[![Gitter](https://badges.gitter.im/alibaba/Sentinel.svg)](https://gitter.im/alibaba/Sentinel)
,https://img.shields.io/badge/Sentinel-Check%20Your%20Contribution-orange,https://opensource.alibaba.com/contribution_leaderboard/details?projectValue=sentinel,,[![Leaderboard](https://img.shields.io/badge/Sentinel-Check%20Your%20Contribution-orange)](https://opensource.alibaba.com/contribution_leaderboard/details?projectValue=sentinel)
,(https://circleci.com/gh/alibaba/spring-cloud-alibaba/tree/2022.x.svg?style=svg,https://circleci.com/gh/alibaba/spring-cloud-alibaba/tree/2022.x,,[![CircleCI](https://circleci.com/gh/alibaba/spring-cloud-alibaba/tree/2022.x.svg?style=svg)](https://circleci.com/gh/alibaba/spring-cloud-alibaba/tree/2022.x)
,https://codecov.io/gh/alibaba/spring-cloud-alibaba/branch/2022.x/graph/badge.svg,https://codecov.io/gh/alibaba/spring-cloud-alibaba,,[![Codecov](https://codecov.io/gh/alibaba/spring-cloud-alibaba/branch/2022.x/graph/badge.svg)](https://codecov.io/gh/alibaba/spring-cloud-alibaba)
,https://img.shields.io/maven-central/v/com.alibaba.cloud/spring-cloud-alibaba-dependencies.svg?label=Maven%20Central,https://search.maven.org/search?q=g:com.alibaba.cloud%20AND%20a:spring-cloud-alibaba-dependencies,,[![Maven Central](https://img.shields.io/maven-central/v/com.alibaba.cloud/spring-cloud-alibaba-dependencies.svg?label=Maven%20Central)](https://search.maven.org/search?q=g:com.alibaba.cloud%20AND%20a:spring-cloud-alibaba-dependencies)
,https://img.shields.io/badge/license-Apache%202-4EB1BA.svg,https://www.apache.org/licenses/LICENSE-2.0.html,,[![License](https://img.shields.io/badge/license-Apache%202-4EB1BA.svg)](https://www.apache.org/licenses/LICENSE-2.0.html)
,https://img.shields.io/badge/SCA-Check%20Your%20Contribution-orange,https://opensource.alibaba.com/contribution_leaderboard/details?projectValue=sca,,[![Leaderboard](https://img.shields.io/badge/SCA-Check%20Your%20Contribution-orange)](https://opensource.alibaba.com/contribution_leaderboard/details?projectValue=sca)
,https://github.com/apache/dubbo/actions/workflows/build-and-test-pr.yml/badge.svg,https://github.com/apache/dubbo/actions/workflows/build-and-test-pr.yml,,[![Build and Test For PR](https://github.com/apache/dubbo/actions/workflows/build-and-test-pr.yml/badge.svg)](https://github.com/apache/dubbo/actions/workflows/build-and-test-pr.yml)
,https://codecov.io/gh/apache/dubbo/branch/3.2/graph/badge.svg,https://codecov.io/gh/apache/dubbo,,[![Codecov](https://codecov.io/gh/apache/dubbo/branch/3.2/graph/badge.svg)](https://codecov.io/gh/apache/dubbo)
,なし,https://img.shields.io/maven-central/v/org.apache.dubbo/dubbo.svg,,![Maven](https://img.shields.io/maven-central/v/org.apache.dubbo/dubbo.svg)
,なし,https://img.shields.io/github/license/alibaba/dubbo.svg,,![License](https://img.shields.io/github/license/alibaba/dubbo.svg)
,http://isitmaintained.com/badge/resolution/apache/dubbo.svg,"http://isitmaintained.com/project/apache/dubbo ""Average time to resolve an issue""",,"[![Average time to resolve an issue](http://isitmaintained.com/badge/resolution/apache/dubbo.svg)](http://isitmaintained.com/project/apache/dubbo ""Average time to resolve an issue"")"
,http://isitmaintained.com/badge/open/apache/dubbo.svg,"http://isitmaintained.com/project/apache/dubbo ""Percentage of issues still open""",,"[![Percentage of issues still open](http://isitmaintained.com/badge/open/apache/dubbo.svg)](http://isitmaintained.com/project/apache/dubbo ""Percentage of issues still open"")"
,https://img.shields.io/twitter/url/http/shields.io.svg?style=social,"https://twitter.com/intent/tweet?text=Apache%20Dubbo%20is%20a%20high-performance%2C%20java%20based%2C%20open%20source%20RPC%20framework.&url=http://dubbo.apache.org/&via=ApacheDubbo&hashtags=rpc,java,dubbo,micro-service",,"[![Tweet](https://img.shields.io/twitter/url/http/shields.io.svg?style=social)](https://twitter.com/intent/tweet?text=Apache%20Dubbo%20is%20a%20high-performance%2C%20java%20based%2C%20open%20source%20RPC%20framework.&url=http://dubbo.apache.org/&via=ApacheDubbo&hashtags=rpc,java,dubbo,micro-service)"
,https://img.shields.io/twitter/follow/ApacheDubbo.svg?label=Follow&style=social&logoWidth=0,https://twitter.com/intent/follow?screen_name=ApacheDubbo,,[![Twitter Follow](https://img.shields.io/twitter/follow/ApacheDubbo.svg?label=Follow&style=social&logoWidth=0)](https://twitter.com/intent/follow?screen_name=ApacheDubbo)
,https://badges.gitter.im/alibaba/dubbo.svg,https://gitter.im/alibaba/dubbo?utm_source=badge&utm_medium=badge&utm_campaign=pr-badge,,[![Gitter](https://badges.gitter.im/alibaba/dubbo.svg)](https://gitter.im/alibaba/dubbo?utm_source=badge&utm_medium=badge&utm_campaign=pr-badge)
,https://img.shields.io/github/release/apache/shardingsphere.svg,https://github.com/apache/shardingsphere/releases,,[![GitHub release](https://img.shields.io/github/release/apache/shardingsphere.svg)](https://github.com/apache/shardingsphere/releases)
,https://sonarcloud.io/api/project_badges/measure?project=apache_shardingsphere&metric=ncloc,https://sonarcloud.io/summary/new_code?id=apache_shardingsphere,CI・CDワークフロー上で動作するクラウドベースのコード解析ツール,[![Lines of Code](https://sonarcloud.io/api/project_badges/measure?project=apache_shardingsphere&metric=ncloc)](https://sonarcloud.io/summary/new_code?id=apache_shardingsphere)
,https://sonarcloud.io/api/project_badges/measure?project=apache_shardingsphere&metric=alert_status,https://sonarcloud.io/summary/new_code?id=apache_shardingsphere,,[![Quality Gate Status](https://sonarcloud.io/api/project_badges/measure?project=apache_shardingsphere&metric=alert_status)](https://sonarcloud.io/summary/new_code?id=apache_shardingsphere)
,https://sonarcloud.io/api/project_badges/measure?project=apache_shardingsphere&metric=sqale_index,https://sonarcloud.io/summary/new_code?id=apache_shardingsphere,,[![Technical Debt](https://sonarcloud.io/api/project_badges/measure?project=apache_shardingsphere&metric=sqale_index)](https://sonarcloud.io/summary/new_code?id=apache_shardingsphere)
,https://sonarcloud.io/api/project_badges/measure?project=apache_shardingsphere&metric=sqale_rating,https://sonarcloud.io/summary/new_code?id=apache_shardingsphere,,[![Maintainability Rating](https://sonarcloud.io/api/project_badges/measure?project=apache_shardingsphere&metric=sqale_rating)](https://sonarcloud.io/summary/new_code?id=apache_shardingsphere)
,https://sonarcloud.io/api/project_badges/measure?project=apache_shardingsphere&metric=security_rating,https://sonarcloud.io/summary/new_code?id=apache_shardingsphere,,[![Security Rating](https://sonarcloud.io/api/project_badges/measure?project=apache_shardingsphere&metric=security_rating)](https://sonarcloud.io/summary/new_code?id=apache_shardingsphere)
,https://codecov.io/gh/apache/shardingsphere/branch/master/graph/badge.svg,https://codecov.io/gh/apache/shardingsphere,,[![codecov](https://codecov.io/gh/apache/shardingsphere/branch/master/graph/badge.svg)](https://codecov.io/gh/apache/shardingsphere)
,https://bestpractices.coreinfrastructure.org/projects/5394/badge,https://bestpractices.coreinfrastructure.org/projects/5394,,[![OpenSSF Best Practices](https://bestpractices.coreinfrastructure.org/projects/5394/badge)](https://bestpractices.coreinfrastructure.org/projects/5394)
,https://img.shields.io/badge/%20Slack-ShardingSphere%20Channel-blueviolet,https://join.slack.com/t/apacheshardingsphere/shared_invite/zt-sbdde7ie-SjDqo9~I4rYcR18bq0SYTg,,[![Slack](https://img.shields.io/badge/%20Slack-ShardingSphere%20Channel-blueviolet)](https://join.slack.com/t/apacheshardingsphere/shared_invite/zt-sbdde7ie-SjDqo9~I4rYcR18bq0SYTg)
,https://badges.gitter.im/shardingsphere/shardingsphere.svg,https://gitter.im/shardingsphere/Lobby,,[![Gitter](https://badges.gitter.im/shardingsphere/shardingsphere.svg)](https://gitter.im/shardingsphere/Lobby)
,https://img.shields.io/twitter/url/https/twitter.com/ShardingSphere.svg?style=social&label=Follow%20%40ShardingSphere,https://twitter.com/ShardingSphere,,[![Twitter](https://img.shields.io/twitter/url/https/twitter.com/ShardingSphere.svg?style=social&label=Follow%20%40ShardingSphere)](https://twitter.com/ShardingSphere)
,https://img.shields.io/badge/document-English-blue.svg,https://shardingsphere.apache.org/document/current/en/overview/,,[![EN doc](https://img.shields.io/badge/document-English-blue.svg)](https://shardingsphere.apache.org/document/current/en/overview/)
,https://img.shields.io/badge/文档-中文版-blue.svg,https://shardingsphere.apache.org/document/current/cn/overview/,,[![CN doc](https://img.shields.io/badge/文档-中文版-blue.svg)](https://shardingsphere.apache.org/document/current/cn/overview/)
,https://img.shields.io/maven-central/v/org.apache.shardingsphere/shardingsphere-jdbc.svg?color=green,https://mvnrepository.com/artifact/org.apache.shardingsphere/shardingsphere-jdbc,,[![Maven Status](https://img.shields.io/maven-central/v/org.apache.shardingsphere/shardingsphere-jdbc.svg?color=green)](https://mvnrepository.com/artifact/org.apache.shardingsphere/shardingsphere-jdbc)
,https://img.shields.io/static/v1?label=nightly-builds&message=download&color=orange,https://nightlies.apache.org/shardingsphere/,,[![Nightly-Download](https://img.shields.io/static/v1?label=nightly-builds&message=download&color=orange)](https://nightlies.apache.org/shardingsphere/)
,https://img.shields.io/badge/release-download-orange.svg,https://www.apache.org/dyn/closer.lua/shardingsphere/5.3.2/apache-shardingsphere-5.3.2-shardingsphere-proxy-bin.tar.gz,,[![Download](https://img.shields.io/badge/release-download-orange.svg)](https://www.apache.org/dyn/closer.lua/shardingsphere/5.3.2/apache-shardingsphere-5.3.2-shardingsphere-proxy-bin.tar.gz)
,https://img.shields.io/docker/pulls/apache/shardingsphere-proxy.svg,https://store.docker.com/community/images/apache/shardingsphere-proxy,,[![Docker Pulls](https://img.shields.io/docker/pulls/apache/shardingsphere-proxy.svg)](https://store.docker.com/community/images/apache/shardingsphere-proxy)
,https://img.shields.io/github/stars/apache/skywalking.svg?style=for-the-badge&label=Stars&logo=github,https://github.com/apache/skywalking,,[![GitHub stars](https://img.shields.io/github/stars/apache/skywalking.svg?style=for-the-badge&label=Stars&logo=github)](https://github.com/apache/skywalking)
,https://img.shields.io/twitter/follow/asfskywalking.svg?style=for-the-badge&label=Follow&logo=twitter,https://twitter.com/AsfSkyWalking,,[![Twitter Follow](https://img.shields.io/twitter/follow/asfskywalking.svg?style=for-the-badge&label=Follow&logo=twitter)](https://twitter.com/AsfSkyWalking)
,https://img.shields.io/maven-central/v/org.apache.skywalking/apache-skywalking-apm.svg,http://skywalking.apache.org/downloads/,,[![Maven Central](https://img.shields.io/maven-central/v/org.apache.skywalking/apache-skywalking-apm.svg)](http://skywalking.apache.org/downloads/)
,https://github.com/apache/skywalking/workflows/CI%20AND%20IT/badge.svg?branch=master,https://github.com/apache/skywalking/actions?query=workflow%3ACI%2BAND%2BIT+event%3Aschedule+branch%3Amaster,,[![CI/IT Tests](https://github.com/apache/skywalking/workflows/CI%20AND%20IT/badge.svg?branch=master)](https://github.com/apache/skywalking/actions?query=workflow%3ACI%2BAND%2BIT+event%3Aschedule+branch%3Amaster)
,https://github.com/apache/skywalking/workflows/E2E/badge.svg?branch=master,https://github.com/apache/skywalking/actions?query=branch%3Amaster+event%3Aschedule+workflow%3AE2E,,[![E2E Tests](https://github.com/apache/skywalking/workflows/E2E/badge.svg?branch=master)](https://github.com/apache/skywalking/actions?query=branch%3Amaster+event%3Aschedule+workflow%3AE2E)
,https://ci.swift.org/job/oss-swift-package-macos/lastCompletedBuild/badge/icon,https://ci.swift.org/job/oss-swift-package-macos,, **macOS**         x86_64 [![Build Status](https://ci.swift.org/job/oss-swift-package-macos/lastCompletedBuild/badge/icon)](https://ci.swift.org/job/oss-swift-package-macos)
,https://ci.swift.org/job/oss-swift-package-ubuntu-18_04/lastCompletedBuild/badge/icon,https://ci.swift.org/job/oss-swift-package-ubuntu-18_04,, **Ubuntu 18.04**  x86_64 [![Build Status](https://ci.swift.org/job/oss-swift-package-ubuntu-18_04/lastCompletedBuild/badge/icon)](https://ci.swift.org/job/oss-swift-package-ubuntu-18_04)
,https://ci.swift.org/job/oss-swift-package-ubuntu-20_04/lastCompletedBuild/badge/icon,https://ci.swift.org/job/oss-swift-package-ubuntu-20_04,, **Ubuntu 20.04**  x86_64 [![Build Status](https://ci.swift.org/job/oss-swift-package-ubuntu-20_04/lastCompletedBuild/badge/icon)](https://ci.swift.org/job/oss-swift-package-ubuntu-20_04)
,https://ci.swift.org/job/oss-swift-package-ubuntu-20_04-aarch64/lastCompletedBuild/badge/icon,https://ci.swift.org/job/oss-swift-package-ubuntu-20_04-aarch64,, **Ubuntu 20.04**  AArch64 [![Build Status](https://ci.swift.org/job/oss-swift-package-ubuntu-20_04-aarch64/lastCompletedBuild/badge/icon)](https://ci.swift.org/job/oss-swift-package-ubuntu-20_04-aarch64)
,https://ci.swift.org/job/oss-swift-package-ubuntu-22_04/lastCompletedBuild/badge/icon,https://ci.swift.org/job/oss-swift-package-ubuntu-22_04,, **Ubuntu 22.04**  x86_64 [![Build Status](https://ci.swift.org/job/oss-swift-package-ubuntu-22_04/lastCompletedBuild/badge/icon)](https://ci.swift.org/job/oss-swift-package-ubuntu-22_04)
,https://ci.swift.org/job/oss-swift-package-ubuntu-22_04-aarch64/lastCompletedBuild/badge/icon,https://ci.swift.org/job/oss-swift-package-ubuntu-22_04-aarch64,, **Ubuntu 22.04**  AArch64 [![Build Status](https://ci.swift.org/job/oss-swift-package-ubuntu-22_04-aarch64/lastCompletedBuild/badge/icon)](https://ci.swift.org/job/oss-swift-package-ubuntu-22_04-aarch64)
,https://ci.swift.org/job/oss-swift-package-centos-7/lastCompletedBuild/badge/icon,https://ci.swift.org/job/oss-swift-package-centos-7,, **CentOS 7**  x86_64 [![Build Status](https://ci.swift.org/job/oss-swift-package-centos-7/lastCompletedBuild/badge/icon)](https://ci.swift.org/job/oss-swift-package-centos-7)
,https://ci.swift.org/job/oss-swift-package-amazon-linux-2/lastCompletedBuild/badge/icon,https://ci.swift.org/job/oss-swift-package-amazon-linux-2,, **Amazon Linux 2**  x86_64 [![Build Status](https://ci.swift.org/job/oss-swift-package-amazon-linux-2/lastCompletedBuild/badge/icon)](https://ci.swift.org/job/oss-swift-package-amazon-linux-2)
,https://ci.swift.org/job/oss-swift-package-amazon-linux-2-aarch64/lastCompletedBuild/badge/icon,https://ci.swift.org/job/oss-swift-package-amazon-linux-2-aarch64,, **Amazon Linux 2**  AArch64 [![Build Status](https://ci.swift.org/job/oss-swift-package-amazon-linux-2-aarch64/lastCompletedBuild/badge/icon)](https://ci.swift.org/job/oss-swift-package-amazon-linux-2-aarch64)
,https://ci.swift.org/job/oss-swift-package-ubi-9/lastCompletedBuild/badge/icon,https://ci.swift.org/job/oss-swift-package-ubi-9,, **Universal Base Image 9**  x86_64 [![Build Status](https://ci.swift.org/job/oss-swift-package-ubi-9/lastCompletedBuild/badge/icon)](https://ci.swift.org/job/oss-swift-package-ubi-9)
,https://github.com/apple/swift-community-hosted-continuous-integration/blob/main/nodes/wasm32_ubuntu_20.04.json**  wasm32 https://ci-external.swift.org/job/oss-swift-RA-linux-ubuntu-20.04-webassembly/lastCompletedBuild/badge/icon,https://ci-external.swift.org/job/oss-swift-RA-linux-ubuntu-20.04-webassembly,,**[Ubuntu 20.04](https://github.com/apple/swift-community-hosted-continuous-integration/blob/main/nodes/wasm32_ubuntu_20.04.json)**  wasm32 [![Build Status](https://ci-external.swift.org/job/oss-swift-RA-linux-ubuntu-20.04-webassembly/lastCompletedBuild/badge/icon)](https://ci-external.swift.org/job/oss-swift-RA-linux-ubuntu-20.04-webassembly)
,https://github.com/apple/swift-community-hosted-continuous-integration/blob/main/nodes/x86_64_ubuntu_16_04_LTS_android.json**  ARMv7 https://ci-external.swift.org/job/oss-swift-RA-linux-ubuntu-16.04-android/lastCompletedBuild/badge/icon,https://ci-external.swift.org/job/oss-swift-RA-linux-ubuntu-16.04-android,,**[Android](https://github.com/apple/swift-community-hosted-continuous-integration/blob/main/nodes/x86_64_ubuntu_16_04_LTS_android.json)**  ARMv7 [![Build Status](https://ci-external.swift.org/job/oss-swift-RA-linux-ubuntu-16.04-android/lastCompletedBuild/badge/icon)](https://ci-external.swift.org/job/oss-swift-RA-linux-ubuntu-16.04-android)
,https://github.com/apple/swift-community-hosted-continuous-integration/blob/main/nodes/x86_64_ubuntu_16_04_LTS_android.json**  AArch64 https://ci-external.swift.org/job/oss-swift-RA-linux-ubuntu-16.04-android-arm64/lastCompletedBuild/badge/icon,https://ci-external.swift.org/job/oss-swift-RA-linux-ubuntu-16.04-android-arm64,,**[Android](https://github.com/apple/swift-community-hosted-continuous-integration/blob/main/nodes/x86_64_ubuntu_16_04_LTS_android.json)**  AArch64 [![Build Status](https://ci-external.swift.org/job/oss-swift-RA-linux-ubuntu-16.04-android-arm64/lastCompletedBuild/badge/icon)](https://ci-external.swift.org/job/oss-swift-RA-linux-ubuntu-16.04-android-arm64)
,,https://github.com/apple/swift-community-hosted-continuous-integration/blob/main/nodes/x86_64_windows_2019_VS2019.json**  x86_64  https://ci-external.swift.org/job/oss-swift-windows-x86_64-vs2019/lastCompletedBuild/badge/icon](https://ci-external.swift.org/job/oss-swift-windows-x86_64-vs2019,,**[Windows 2019 (VS 2019)](https://github.com/apple/swift-community-hosted-continuous-integration/blob/main/nodes/x86_64_windows_2019_VS2019.json)**  x86_64  [![Build Status](https://ci-external.swift.org/job/oss-swift-windows-x86_64-vs2019/lastCompletedBuild/badge/icon)](https://ci-external.swift.org/job/oss-swift-windows-x86_64-vs2019)
,https://github.com/ArduPilot/ardupilot/workflows/test%20ap_periph/badge.svg?branch=master,https://github.com/ArduPilot/ardupilot/actions/workflows/test_sitl_periph.yml,,[![Test AP_Periph](https://github.com/ArduPilot/ardupilot/workflows/test%20ap_periph/badge.svg?branch=master)](https://github.com/ArduPilot/ardupilot/actions/workflows/test_sitl_periph.yml)
,https://github.com/ArduPilot/ardupilot/workflows/test%20chibios/badge.svg?branch=master,https://github.com/ArduPilot/ardupilot/actions/workflows/test_chibios.yml  ,,[![Test Chibios](https://github.com/ArduPilot/ardupilot/workflows/test%20chibios/badge.svg?branch=master)](https://github.com/ArduPilot/ardupilot/actions/workflows/test_chibios.yml)  
,https://github.com/ArduPilot/ardupilot/workflows/test%20Linux%20SBC/badge.svg?branch=master,https://github.com/ArduPilot/ardupilot/actions/workflows/test_linux_sbc.yml,Linuxのシングルボードで動くか,[![Test Linux SBC](https://github.com/ArduPilot/ardupilot/workflows/test%20Linux%20SBC/badge.svg?branch=master)](https://github.com/ArduPilot/ardupilot/actions/workflows/test_linux_sbc.yml)
,https://github.com/ArduPilot/ardupilot/workflows/test%20replay/badge.svg?branch=master,https://github.com/ArduPilot/ardupilot/actions/workflows/test_replay.yml,,[![Test Replay](https://github.com/ArduPilot/ardupilot/workflows/test%20replay/badge.svg?branch=master)](https://github.com/ArduPilot/ardupilot/actions/workflows/test_replay.yml)
,https://github.com/ArduPilot/ardupilot/actions/workflows/test_size.yml/badge.svg,https://github.com/ArduPilot/ardupilot/actions/workflows/test_size.yml,,[![test size](https://github.com/ArduPilot/ardupilot/actions/workflows/test_size.yml/badge.svg)](https://github.com/ArduPilot/ardupilot/actions/workflows/test_size.yml)
,https://github.com/ArduPilot/ardupilot/actions/workflows/test_environment.yml/badge.svg?branch=master,https://github.com/ArduPilot/ardupilot/actions/workflows/test_environment.yml,,[![Test Environment Setup](https://github.com/ArduPilot/ardupilot/actions/workflows/test_environment.yml/badge.svg?branch=master)](https://github.com/ArduPilot/ardupilot/actions/workflows/test_environment.yml)
,https://github.com/ArduPilot/ardupilot/actions/workflows/cygwin_build.yml/badge.svg,https://github.com/ArduPilot/ardupilot/actions/workflows/cygwin_build.yml ,,[![Cygwin Build](https://github.com/ArduPilot/ardupilot/actions/workflows/cygwin_build.yml/badge.svg)](https://github.com/ArduPilot/ardupilot/actions/workflows/cygwin_build.yml) 
,https://github.com/ArduPilot/ardupilot/actions/workflows/macos_build.yml/badge.svg,https://github.com/ArduPilot/ardupilot/actions/workflows/macos_build.yml,,[![Macos Build](https://github.com/ArduPilot/ardupilot/actions/workflows/macos_build.yml/badge.svg)](https://github.com/ArduPilot/ardupilot/actions/workflows/macos_build.yml)
,https://scan.coverity.com/projects/5331/badge.svg,https://scan.coverity.com/projects/ardupilot-ardupilot,,[![Coverity Scan Build Status](https://scan.coverity.com/projects/5331/badge.svg)](https://scan.coverity.com/projects/ardupilot-ardupilot)
,https://github.com/ArduPilot/ardupilot/actions/workflows/test_coverage.yml/badge.svg?branch=master,https://github.com/ArduPilot/ardupilot/actions/workflows/test_coverage.yml,,[![Test Coverage](https://github.com/ArduPilot/ardupilot/actions/workflows/test_coverage.yml/badge.svg?branch=master)](https://github.com/ArduPilot/ardupilot/actions/workflows/test_coverage.yml)
,https://autotest.ardupilot.org/autotest-badge.svg,https://autotest.ardupilot.org/,,[![Autotest Status](https://autotest.ardupilot.org/autotest-badge.svg)](https://autotest.ardupilot.org/)
,https://travis-ci.org/BVLC/caffe.svg?branch=master,https://travis-ci.org/BVLC/caffe,,[![Build Status](https://travis-ci.org/BVLC/caffe.svg?branch=master)](https://travis-ci.org/BVLC/caffe)
,https://img.shields.io/badge/license-BSD-blue.svg,なし,,[![License](https://img.shields.io/badge/license-BSD-blue.svg)](LICENSE)
,https://gitter.im/BVLC/caffe](https://badges.gitter.im/Join%20Chat.svg,https://gitter.im/BVLC/caffe?utm_source=badge&utm_medium=badge&utm_campaign=pr-badge&utm_content=badge,,[![Join the chat at https://gitter.im/BVLC/caffe](https://badges.gitter.im/Join%20Chat.svg)](https://gitter.im/BVLC/caffe?utm_source=badge&utm_medium=badge&utm_campaign=pr-badge&utm_content=badge)
, https://github.com/CMU-Perceptual-Computing-Lab/openpose/workflows/CI/badge.svg,https://github.com/CMU-Perceptual-Computing-Lab/openpose/actions,, **Build Status**  [![Status](https://github.com/CMU-Perceptual-Computing-Lab/openpose/workflows/CI/badge.svg)](https://github.com/CMU-Perceptual-Computing-Lab/openpose/actions)
,https://ci.appveyor.com/api/projects/status/5leescxxdwen77kg/branch/master?svg=true,https://ci.appveyor.com/project/gineshidalgo99/openpose/branch/master ,,[![Status](https://ci.appveyor.com/api/projects/status/5leescxxdwen77kg/branch/master?svg=true)](https://ci.appveyor.com/project/gineshidalgo99/openpose/branch/master) 
,https://github.com/shadowsocks/shadowsocks-windows/workflows/Build/badge.svg,https://github.com/shadowsocks/shadowsocks-windows/actions?query=workflow%3ABuild,,[![Build](https://github.com/shadowsocks/shadowsocks-windows/workflows/Build/badge.svg)](https://github.com/shadowsocks/shadowsocks-windows/actions?query=workflow%3ABuild)
,https://github.com/shadowsocks/shadowsocks-windows/workflows/Release/badge.svg,https://github.com/shadowsocks/shadowsocks-windows/actions?query=workflow%3ARelease,,[![Release](https://github.com/shadowsocks/shadowsocks-windows/workflows/Release/badge.svg)](https://github.com/shadowsocks/shadowsocks-windows/actions?query=workflow%3ARelease)
,https://github.com/apolloconfig/apollo/workflows/build/badge.svg,https://github.com/apolloconfig/apollo/actions,,[![Build Status](https://github.com/apolloconfig/apollo/workflows/build/badge.svg)](https://github.com/apolloconfig/apollo/actions)
,https://img.shields.io/github/release/apolloconfig/apollo.svg,https://github.com/apolloconfig/apollo/releases,,[![GitHub Release](https://img.shields.io/github/release/apolloconfig/apollo.svg)](https://github.com/apolloconfig/apollo/releases)
,https://img.shields.io/maven-central/v/com.ctrip.framework.apollo/apollo-client.svg,https://mvnrepository.com/artifact/com.ctrip.framework.apollo/apollo-client,,[![Maven Central Repo](https://img.shields.io/maven-central/v/com.ctrip.framework.apollo/apollo-client.svg)](https://mvnrepository.com/artifact/com.ctrip.framework.apollo/apollo-client)
,https://codecov.io/github/apolloconfig/apollo/coverage.svg?branch=master,https://codecov.io/github/apolloconfig/apollo?branch=master,,[![codecov.io](https://codecov.io/github/apolloconfig/apollo/coverage.svg?branch=master)](https://codecov.io/github/apolloconfig/apollo?branch=master)
,https://img.shields.io/badge/License-Apache%202.0-blue.svg,https://opensource.org/licenses/Apache-2.0,,[![License](https://img.shields.io/badge/License-Apache%202.0-blue.svg)](https://opensource.org/licenses/Apache-2.0)
,https://github.com/apolloconfig/apollo/workflows/build/badge.svg,https://github.com/apolloconfig/apollo/actions,,[![Build Status](https://github.com/apolloconfig/apollo/workflows/build/badge.svg)](https://github.com/apolloconfig/apollo/actions)
,https://img.shields.io/github/release/apolloconfig/apollo.svg,https://github.com/apolloconfig/apollo/releases,,[![GitHub Release](https://img.shields.io/github/release/apolloconfig/apollo.svg)](https://github.com/apolloconfig/apollo/releases)
,https://img.shields.io/maven-central/v/com.ctrip.framework.apollo/apollo-client.svg,https://mvnrepository.com/artifact/com.ctrip.framework.apollo/apollo-client,,[![Maven Central Repo](https://img.shields.io/maven-central/v/com.ctrip.framework.apollo/apollo-client.svg)](https://mvnrepository.com/artifact/com.ctrip.framework.apollo/apollo-client)
,https://codecov.io/github/apolloconfig/apollo/coverage.svg?branch=master,https://codecov.io/github/apolloconfig/apollo?branch=master,,[![codecov.io](https://codecov.io/github/apolloconfig/apollo/coverage.svg?branch=master)](https://codecov.io/github/apolloconfig/apollo?branch=master)
,https://img.shields.io/badge/License-Apache%202.0-blue.svg,https://opensource.org/licenses/Apache-2.0,,[![License](https://img.shields.io/badge/License-Apache%202.0-blue.svg)](https://opensource.org/licenses/Apache-2.0)
,assets/download.md,https://badgen.net/badge/OvO/%E7%A6%BB%E7%BA%BF%E4%B8%8B%E8%BD%BD?icon=telegram&color=4ab8a1,,"    <!-- <a href=""assets/download.md""> <img src=""https://badgen.net/badge/OvO/%E7%A6%BB%E7%BA%BF%E4%B8%8B%E8%BD%BD?icon=telegram&color=4ab8a1""></a> -->"
,assets/download.md,https://badgen.net/badge/%e5%85%ac%e4%bc%97%e5%8f%b7/CyC2018?icon=rss&color=4ab8a1,,"    <!-- <a href=""assets/download.md""> <img src=""https://badgen.net/badge/%e5%85%ac%e4%bc%97%e5%8f%b7/CyC2018?icon=rss&color=4ab8a1""></a> -->"
,https://img.shields.io/github/stars/dianping/cat.svg?style=flat-square&label=Star&,https://github.com/dianping/cat/stargazers,,[![GitHub stars](https://img.shields.io/github/stars/dianping/cat.svg?style=flat-square&label=Star&)](https://github.com/dianping/cat/stargazers)
,https://img.shields.io/github/forks/dianping/cat.svg?style=flat-square&label=Fork&,https://github.com/dianping/cat/fork,,[![GitHub forks](https://img.shields.io/github/forks/dianping/cat.svg?style=flat-square&label=Fork&)](https://github.com/dianping/cat/fork)
,なし,https://img.shields.io/maven-central/v/org.unidal.framework/dal-jdbc,,![Maven Central](https://img.shields.io/maven-central/v/org.unidal.framework/dal-jdbc)
,なし,https://img.shields.io/github/license/dianping/cat.svg,,![License](https://img.shields.io/github/license/dianping/cat.svg)
,https://github.com/dianping/cat/actions/workflows/build.yml/badge.svg,https://github.com/dianping/cat/actions/workflows/build.yml,,[![Build](https://github.com/dianping/cat/actions/workflows/build.yml/badge.svg)](https://github.com/dianping/cat/actions/workflows/build.yml)
,https://img.shields.io/badge/license-Apache%20License%202.0-blue.svg,https://github.com/elunez/eladmin/blob/master/LICENSE,,[![AUR](https://img.shields.io/badge/license-Apache%20License%202.0-blue.svg)](https://github.com/elunez/eladmin/blob/master/LICENSE)
,https://gitee.com/elunez/eladmin/badge/star.svg?theme=white,https://gitee.com/elunez/eladmin,,[![star](https://gitee.com/elunez/eladmin/badge/star.svg?theme=white)](https://gitee.com/elunez/eladmin)
,https://img.shields.io/github/stars/elunez/eladmin.svg?style=social&label=Stars,https://github.com/elunez/eladmin,,[![GitHub stars](https://img.shields.io/github/stars/elunez/eladmin.svg?style=social&label=Stars)](https://github.com/elunez/eladmin)
,https://img.shields.io/github/forks/elunez/eladmin.svg?style=social&label=Fork,https://github.com/elunez/eladmin,,[![GitHub forks](https://img.shields.io/github/forks/elunez/eladmin.svg?style=social&label=Fork)](https://github.com/elunez/eladmin)
,https://circleci.com/gh/electron/electron/tree/main.svg?style=shield,https://circleci.com/gh/electron/electron/tree/main,,[![CircleCI Build Status](https://circleci.com/gh/electron/electron/tree/main.svg?style=shield)](https://circleci.com/gh/electron/electron/tree/main)
,https://ci.appveyor.com/api/projects/status/4lggi9dpjc1qob7k/branch/main?svg=true,https://ci.appveyor.com/project/electron-bot/electron-ljo26/branch/main,,[![AppVeyor Build Status](https://ci.appveyor.com/api/projects/status/4lggi9dpjc1qob7k/branch/main?svg=true)](https://ci.appveyor.com/project/electron-bot/electron-ljo26/branch/main)
,https://img.shields.io/discord/745037351163527189?color=%237289DA&label=chat&logo=discord&logoColor=white,https://discord.gg/electronjs,,[![Electron Discord Invite](https://img.shields.io/discord/745037351163527189?color=%237289DA&label=chat&logo=discord&logoColor=white)](https://discord.gg/electronjs)
,https://img.shields.io/github/release/esp8266/Arduino.svg,https://github.com/esp8266/Arduino/releases/latest/,, [![Latest release](https://img.shields.io/github/release/esp8266/Arduino.svg)](https://github.com/esp8266/Arduino/releases/latest/)
,https://img.shields.io/badge/paypal-donate-yellow.svg,https://www.paypal.com/webscr?cmd=_s-xclick&hosted_button_id=4M56YCWV6PX66,,[![Donate](https://img.shields.io/badge/paypal-donate-yellow.svg)](https://www.paypal.com/webscr?cmd=_s-xclick&hosted_button_id=4M56YCWV6PX66)
,https://img.shields.io/pypi/v/manimgl?logo=pypi,https://pypi.org/project/manimgl/,,[![pypi version](https://img.shields.io/pypi/v/manimgl?logo=pypi)](https://pypi.org/project/manimgl/)
,https://img.shields.io/badge/license-MIT-blue.svg?style=flat,http://choosealicense.com/licenses/mit/,,[![MIT License](https://img.shields.io/badge/license-MIT-blue.svg?style=flat)](http://choosealicense.com/licenses/mit/)
,https://img.shields.io/reddit/subreddit-subscribers/manim.svg?color=ff4301&label=reddit&logo=reddit,https://www.reddit.com/r/manim/,,[![Manim Subreddit](https://img.shields.io/reddit/subreddit-subscribers/manim.svg?color=ff4301&label=reddit&logo=reddit)](https://www.reddit.com/r/manim/)
,https://img.shields.io/discord/581738731934056449.svg?label=discord&logo=discord,https://discord.com/invite/bYCyhM9Kz2,,[![Manim Discord](https://img.shields.io/discord/581738731934056449.svg?label=discord&logo=discord)](https://discord.com/invite/bYCyhM9Kz2)
, ,https://3b1b.github.io/manim/,,[![docs](https://github.com/3b1b/manim/workflows/docs/badge.svg)](https://3b1b.github.io/manim/)
,https://img.shields.io/pypi/v/face_recognition.svg,https://pypi.python.org/pypi/face_recognition,,[![PyPI](https://img.shields.io/pypi/v/face_recognition.svg)](https://pypi.python.org/pypi/face_recognition)
,https://github.com/ageitgey/face_recognition/workflows/CI/badge.svg?branch=master&event=push,https://github.com/ageitgey/face_recognition/actions?query=workflow%3ACI,,[![Build Status](https://github.com/ageitgey/face_recognition/workflows/CI/badge.svg?branch=master&event=push)](https://github.com/ageitgey/face_recognition/actions?query=workflow%3ACI)
,https://readthedocs.org/projects/face-recognition/badge/?version=latest,http://face-recognition.readthedocs.io/en/latest/?badge=latest,,[![Documentation Status](https://readthedocs.org/projects/face-recognition/badge/?version=latest)](http://face-recognition.readthedocs.io/en/latest/?badge=latest)
,https://beta.deepnote.org/buttons/try-in-a-jupyter-notebook.svg,https://beta.deepnote.org/launch?template=face_recognition,,User-contributed shared Jupyter notebook demo (not officially supported): [![Deepnote](https://beta.deepnote.org/buttons/try-in-a-jupyter-notebook.svg)](https://beta.deepnote.org/launch?template=face_recognition)
,なし,https://github.com/AtsushiSakai/PythonRobotics/workflows/Linux_CI/badge.svg,,![GitHub_Action_Linux_CI](https://github.com/AtsushiSakai/PythonRobotics/workflows/Linux_CI/badge.svg)
,なし,https://github.com/AtsushiSakai/PythonRobotics/workflows/MacOS_CI/badge.svg,,![GitHub_Action_MacOS_CI](https://github.com/AtsushiSakai/PythonRobotics/workflows/MacOS_CI/badge.svg)
,なし,https://github.com/AtsushiSakai/PythonRobotics/workflows/Windows_CI/badge.svg,,![GitHub_Action_Windows_CI](https://github.com/AtsushiSakai/PythonRobotics/workflows/Windows_CI/badge.svg)
,  ,https://ci.appveyor.com/project/AtsushiSakai/pythonrobotics,,[![Build status](https://ci.appveyor.com/api/projects/status/sb279kxuv1be391g?svg=true)](https://ci.appveyor.com/project/AtsushiSakai/pythonrobotics)
,https://codecov.io/gh/AtsushiSakai/PythonRobotics/branch/master/graph/badge.svg,https://codecov.io/gh/AtsushiSakai/PythonRobotics,,[![codecov](https://codecov.io/gh/AtsushiSakai/PythonRobotics/branch/master/graph/badge.svg)](https://codecov.io/gh/AtsushiSakai/PythonRobotics)
,なし,https://img.shields.io/github/stars/breakdowns/slam-mirrorbot?color=blue&style=flat,,![GitHub Repo stars](https://img.shields.io/github/stars/breakdowns/slam-mirrorbot?color=blue&style=flat)
,なし,https://img.shields.io/github/forks/breakdowns/slam-mirrorbot?color=green&style=flat,,![GitHub forks](https://img.shields.io/github/forks/breakdowns/slam-mirrorbot?color=green&style=flat)
,なし,https://img.shields.io/github/contributors/breakdowns/slam-mirrorbot?style=flat,,![GitHub contributors](https://img.shields.io/github/contributors/breakdowns/slam-mirrorbot?style=flat)
,なし,https://img.shields.io/github/watchers/breakdowns/slam-mirrorbot,,![GitHub watchers](https://img.shields.io/github/watchers/breakdowns/slam-mirrorbot)
,なし,https://img.shields.io/docker/pulls/breakdowns/mega-sdk-python?label=Docker%20Pull,,![Docker Pulls](https://img.shields.io/docker/pulls/breakdowns/mega-sdk-python?label=Docker%20Pull)
,なし,https://github.com/deepfakes/faceswap/actions/workflows/pytest.yml/badge.svg,,![Build Status](https://github.com/deepfakes/faceswap/actions/workflows/pytest.yml/badge.svg) 
,https://readthedocs.org/projects/faceswap/badge/?version=latest,https://faceswap.readthedocs.io/en/latest/?badge=latest,,[![Documentation Status](https://readthedocs.org/projects/faceswap/badge/?version=latest)](https://faceswap.readthedocs.io/en/latest/?badge=latest)
,https://img.shields.io/github/stars/fighting41love/funnlp?style=social,https://github.com/fighting41love/funnlp,,[![](https://img.shields.io/github/stars/fighting41love/funnlp?style=social)](https://github.com/fighting41love/funnlp)
,https://img.shields.io/badge/dynamic/json?color=blue&label=%E7%9F%A5%E4%B9%8E%E5%85%B3%E6%B3%A8&query=%24.data.totalSubs&url=https%3A%2F%2Fapi.spencerwoo.com%2Fsubstats%2F%3Fsource%3Dzhihu%26queryKey%3Dmountain-blue-64,https://www.zhihu.com/people/mountain-blue-64,,[![](https://img.shields.io/badge/dynamic/json?color=blue&label=%E7%9F%A5%E4%B9%8E%E5%85%B3%E6%B3%A8&query=%24.data.totalSubs&url=https%3A%2F%2Fapi.spencerwoo.com%2Fsubstats%2F%3Fsource%3Dzhihu%26queryKey%3Dmountain-blue-64)](https://www.zhihu.com/people/mountain-blue-64)
,https://img.shields.io/badge/dynamic/json?color=blueviolet&label=github%20followers&query=%24.data.totalSubs&url=https%3A%2F%2Fapi.spencerwoo.com%2Fsubstats%2F%3Fsource%3Dgithub%26queryKey%3Dfighting41love,https://github.com/fighting41love -->,,<!-- [![](https://img.shields.io/badge/dynamic/json?color=blueviolet&label=github%20followers&query=%24.data.totalSubs&url=https%3A%2F%2Fapi.spencerwoo.com%2Fsubstats%2F%3Fsource%3Dgithub%26queryKey%3Dfighting41love)](https://github.com/fighting41love) -->
,https://img.shields.io/badge/Homepage-%E4%BA%BA%E7%94%9F%E6%B5%AA%E8%B4%B9%E6%8C%87%E5%8D%97-brightgreen,http://fighting41love.github.io/archives/ -->,,<!-- [![](https://img.shields.io/badge/Homepage-%E4%BA%BA%E7%94%9F%E6%B5%AA%E8%B4%B9%E6%8C%87%E5%8D%97-brightgreen)](http://fighting41love.github.io/archives/) -->
,https://www.codetriage.com/godotengine/godot/badges/users.svg,https://www.codetriage.com/godotengine/godot,,[![Code Triagers Badge](https://www.codetriage.com/godotengine/godot/badges/users.svg)](https://www.codetriage.com/godotengine/godot)
,https://hosted.weblate.org/widgets/godot-engine/-/godot/svg-badge.svg,https://hosted.weblate.org/engage/godot-engine/?utm_source=widget,,[![Translate on Weblate](https://hosted.weblate.org/widgets/godot-engine/-/godot/svg-badge.svg)](https://hosted.weblate.org/engage/godot-engine/?utm_source=widget)
,https://badgen.net/https/api.tickgit.com/badgen/github.com/godotengine/godot,https://www.tickgit.com/browse?repo=github.com/godotengine/godot,,[![TODOs](https://badgen.net/https/api.tickgit.com/badgen/github.com/godotengine/godot)](https://www.tickgit.com/browse?repo=github.com/godotengine/godot)
,なし,https://img.shields.io/endpoint?url=https://huggingface.co/api/shields/models&color=brightgreen,,![](https://img.shields.io/endpoint?url=https://huggingface.co/api/shields/models&color=brightgreen)
,https://dev.azure.com/ms/terminal/_apis/build/status/terminal%20CI?branchName=main,https://dev.azure.com/ms/terminal/_build?definitionId=136,,[![Terminal Build Status](https://dev.azure.com/ms/terminal/_apis/build/status/terminal%20CI?branchName=main)](https://dev.azure.com/ms/terminal/_build?definitionId=136)
,なし,https://microsoft.visualstudio.com/_apis/public/build/definitions/c93e867a-8815-43c1-92c4-e7dd5404f1e1/17023/badge,,![Colortool Build Status](https://microsoft.visualstudio.com/_apis/public/build/definitions/c93e867a-8815-43c1-92c4-e7dd5404f1e1/17023/badge)
,https://ci.appveyor.com/api/projects/status/1acb366xfyg3qybk/branch/develop?svg=true,https://ci.appveyor.com/project/nlohmann/json,,[![Build Status](https://ci.appveyor.com/api/projects/status/1acb366xfyg3qybk/branch/develop?svg=true)](https://ci.appveyor.com/project/nlohmann/json)
,https://github.com/nlohmann/json/workflows/Ubuntu/badge.svg,https://github.com/nlohmann/json/actions?query=workflow%3AUbuntu,,[![Ubuntu](https://github.com/nlohmann/json/workflows/Ubuntu/badge.svg)](https://github.com/nlohmann/json/actions?query=workflow%3AUbuntu)
,https://github.com/nlohmann/json/workflows/macOS/badge.svg,https://github.com/nlohmann/json/actions?query=workflow%3AmacOS,,[![macOS](https://github.com/nlohmann/json/workflows/macOS/badge.svg)](https://github.com/nlohmann/json/actions?query=workflow%3AmacOS)
,https://github.com/nlohmann/json/workflows/Windows/badge.svg,https://github.com/nlohmann/json/actions?query=workflow%3AWindows,,[![Windows](https://github.com/nlohmann/json/workflows/Windows/badge.svg)](https://github.com/nlohmann/json/actions?query=workflow%3AWindows)
,https://coveralls.io/repos/github/nlohmann/json/badge.svg?branch=develop,https://coveralls.io/github/nlohmann/json?branch=develop,,[![Coverage Status](https://coveralls.io/repos/github/nlohmann/json/badge.svg?branch=develop)](https://coveralls.io/github/nlohmann/json?branch=develop)
,https://scan.coverity.com/projects/5550/badge.svg,https://scan.coverity.com/projects/nlohmann-json,,[![Coverity Scan Build Status](https://scan.coverity.com/projects/5550/badge.svg)](https://scan.coverity.com/projects/nlohmann-json)
,https://app.codacy.com/project/badge/Grade/e0d1a9d5d6fd46fcb655c4cb930bb3e8,https://www.codacy.com/gh/nlohmann/json/dashboard?utm_source=github.com&amp;utm_medium=referral&amp;utm_content=nlohmann/json&amp;utm_campaign=Badge_Grade,,[![Codacy Badge](https://app.codacy.com/project/badge/Grade/e0d1a9d5d6fd46fcb655c4cb930bb3e8)](https://www.codacy.com/gh/nlohmann/json/dashboard?utm_source=github.com&amp;utm_medium=referral&amp;utm_content=nlohmann/json&amp;utm_campaign=Badge_Grade)
,https://api.cirrus-ci.com/github/nlohmann/json.svg,https://cirrus-ci.com/github/nlohmann/json,,[![Cirrus CI](https://api.cirrus-ci.com/github/nlohmann/json.svg)](https://cirrus-ci.com/github/nlohmann/json)
,https://oss-fuzz-build-logs.storage.googleapis.com/badges/json.svg,https://bugs.chromium.org/p/oss-fuzz/issues/list?sort=-opened&can=1&q=proj:json,,[![Fuzzing Status](https://oss-fuzz-build-logs.storage.googleapis.com/badges/json.svg)](https://bugs.chromium.org/p/oss-fuzz/issues/list?sort=-opened&can=1&q=proj:json)
,https://img.shields.io/badge/try-online-blue.svg,https://wandbox.org/permlink/1mp10JbaANo6FUc7,,[![Try online](https://img.shields.io/badge/try-online-blue.svg)](https://wandbox.org/permlink/1mp10JbaANo6FUc7)
,https://img.shields.io/badge/docs-mkdocs-blue.svg,https://json.nlohmann.me,,[![Documentation](https://img.shields.io/badge/docs-mkdocs-blue.svg)](https://json.nlohmann.me)
,https://img.shields.io/badge/license-MIT-blue.svg,https://raw.githubusercontent.com/nlohmann/json/master/LICENSE.MIT,,[![GitHub license](https://img.shields.io/badge/license-MIT-blue.svg)](https://raw.githubusercontent.com/nlohmann/json/master/LICENSE.MIT)
,https://img.shields.io/github/release/nlohmann/json.svg,https://github.com/nlohmann/json/releases,,[![GitHub Releases](https://img.shields.io/github/release/nlohmann/json.svg)](https://github.com/nlohmann/json/releases)
,https://img.shields.io/vcpkg/v/nlohmann-json,https://vcpkg.link/ports/nlohmann-json,,[![Vcpkg Version](https://img.shields.io/vcpkg/v/nlohmann-json)](https://vcpkg.link/ports/nlohmann-json)
,https://repology.org/badge/tiny-repos/nlohmann-json.svg,https://repology.org/project/nlohmann-json/versions,,[![Packaging status](https://repology.org/badge/tiny-repos/nlohmann-json.svg)](https://repology.org/project/nlohmann-json/versions)
,https://img.shields.io/github/downloads/nlohmann/json/total,https://github.com/nlohmann/json/releases,,[![GitHub Downloads](https://img.shields.io/github/downloads/nlohmann/json/total)](https://github.com/nlohmann/json/releases)
,https://img.shields.io/github/issues/nlohmann/json.svg,https://github.com/nlohmann/json/issues,,[![GitHub Issues](https://img.shields.io/github/issues/nlohmann/json.svg)](https://github.com/nlohmann/json/issues)
,https://isitmaintained.com/badge/resolution/nlohmann/json.svg,"https://isitmaintained.com/project/nlohmann/json ""Average time to resolve an issue""",,"[![Average time to resolve an issue](https://isitmaintained.com/badge/resolution/nlohmann/json.svg)](https://isitmaintained.com/project/nlohmann/json ""Average time to resolve an issue"")"
,https://bestpractices.coreinfrastructure.org/projects/289/badge,https://bestpractices.coreinfrastructure.org/projects/289,,[![CII Best Practices](https://bestpractices.coreinfrastructure.org/projects/289/badge)](https://bestpractices.coreinfrastructure.org/projects/289)
,https://img.shields.io/badge/GitHub-Sponsors-ff69b4,https://github.com/sponsors/nlohmann,,[![GitHub Sponsors](https://img.shields.io/badge/GitHub-Sponsors-ff69b4)](https://github.com/sponsors/nlohmann)
,https://api.reuse.software/badge/github.com/nlohmann/json,https://api.reuse.software/info/github.com/nlohmann/json,,[![REUSE status](https://api.reuse.software/badge/github.com/nlohmann/json)](https://api.reuse.software/info/github.com/nlohmann/json)
,https://img.shields.io/discord/1003743314341793913,https://discord.gg/6mrGXKvX7y,,[![Discord](https://img.shields.io/discord/1003743314341793913)](https://discord.gg/6mrGXKvX7y)
,https://img.shields.io/github/release/PX4/PX4-Autopilot.svg,https://github.com/PX4/PX4-Autopilot/releases ,,[![Releases](https://img.shields.io/github/release/PX4/PX4-Autopilot.svg)](https://github.com/PX4/PX4-Autopilot/releases) 
,https://github.com/PX4/PX4-Autopilot/workflows/Nuttx%20Targets/badge.svg,https://github.com/PX4/PX4-Autopilot/actions?query=workflow%3A%22Nuttx+Targets%22?branch=master ,,[![Nuttx Targets](https://github.com/PX4/PX4-Autopilot/workflows/Nuttx%20Targets/badge.svg)](https://github.com/PX4/PX4-Autopilot/actions?query=workflow%3A%22Nuttx+Targets%22?branch=master) 
,https://github.com/PX4/PX4-Autopilot/workflows/SITL%20Tests/badge.svg?branch=master,https://github.com/PX4/PX4-Autopilot/actions?query=workflow%3A%22SITL+Tests%22,,[![SITL Tests](https://github.com/PX4/PX4-Autopilot/workflows/SITL%20Tests/badge.svg?branch=master)](https://github.com/PX4/PX4-Autopilot/actions?query=workflow%3A%22SITL+Tests%22)
,https://discordapp.com/api/guilds/1022170275984457759/widget.png?style=shield,https://discord.gg/dronecode,,[![Discord Shield](https://discordapp.com/api/guilds/1022170275984457759/widget.png?style=shield)](https://discord.gg/dronecode)
,https://img.shields.io/github/commit-activity/m/2dust/v2rayN,https://github.com/2dust/v2rayN/commits/master,,[![GitHub commit activity](https://img.shields.io/github/commit-activity/m/2dust/v2rayN)](https://github.com/2dust/v2rayN/commits/master)
,https://www.codefactor.io/repository/github/2dust/v2rayn/badge,https://www.codefactor.io/repository/github/2dust/v2rayn,,[![CodeFactor](https://www.codefactor.io/repository/github/2dust/v2rayn/badge)](https://www.codefactor.io/repository/github/2dust/v2rayn)
,https://img.shields.io/github/downloads/2dust/v2rayN/latest/total?logo=github,https://github.com/2dust/v2rayN/releases,,[![GitHub Releases](https://img.shields.io/github/downloads/2dust/v2rayN/latest/total?logo=github)](https://github.com/2dust/v2rayN/releases)
,https://img.shields.io/badge/Chat%20on-Telegram-brightgreen.svg,https://t.me/v2rayn,,[![Chat on Telegram](https://img.shields.io/badge/Chat%20on-Telegram-brightgreen.svg)](https://t.me/v2rayn)
,https://github.com/dotnet-architecture/eShopOnContainers/workflows/webstatus/badge.svg?branch=dev,https://github.com/dotnet-architecture/eShopOnContainers/actions?query=workflow%3Awebstatus  ,,[![Web Status](https://github.com/dotnet-architecture/eShopOnContainers/workflows/webstatus/badge.svg?branch=dev)](https://github.com/dotnet-architecture/eShopOnContainers/actions?query=workflow%3Awebstatus)  
,https://github.com/dotnet-architecture/eShopOnContainers/workflows/basket-api/badge.svg?branch=dev,https://github.com/dotnet-architecture/eShopOnContainers/actions?query=workflow%3Abasket-api  ,バスケット内のオファーを追加、更新、削除する機能を持っている。, Basket API  [![Basket API](https://github.com/dotnet-architecture/eShopOnContainers/workflows/basket-api/badge.svg?branch=dev)](https://github.com/dotnet-architecture/eShopOnContainers/actions?query=workflow%3Abasket-api)  
,https://github.com/dotnet-architecture/eShopOnContainers/workflows/catalog-api/badge.svg,https://github.com/dotnet-architecture/eShopOnContainers/actions?query=workflow%3Acatalog-api  ,AWS Glueのカタログ操作に関するデータ型とAPIについて, Catalog API  [![Catalog API](https://github.com/dotnet-architecture/eShopOnContainers/workflows/catalog-api/badge.svg)](https://github.com/dotnet-architecture/eShopOnContainers/actions?query=workflow%3Acatalog-api)  
,https://github.com/dotnet-architecture/eShopOnContainers/workflows/identity-api/badge.svg?branch=dev,https://github.com/dotnet-architecture/eShopOnContainers/actions?query=workflow%3Aidentity-api  ,,Identity API  [![Identity API](https://github.com/dotnet-architecture/eShopOnContainers/workflows/identity-api/badge.svg?branch=dev)](https://github.com/dotnet-architecture/eShopOnContainers/actions?query=workflow%3Aidentity-api)  
,https://github.com/dotnet-architecture/eShopOnContainers/workflows/ordering-api/badge.svg?branch=dev,https://github.com/dotnet-architecture/eShopOnContainers/actions?query=workflow%3Aordering-api  ,, Ordering API  [![Ordering API](https://github.com/dotnet-architecture/eShopOnContainers/workflows/ordering-api/badge.svg?branch=dev)](https://github.com/dotnet-architecture/eShopOnContainers/actions?query=workflow%3Aordering-api)  
,https://github.com/dotnet-architecture/eShopOnContainers/workflows/payment-api/badge.svg?branch=dev,https://github.com/dotnet-architecture/eShopOnContainers/actions?query=workflow%3Apayment-api  ,, Payment API  [![Payment API](https://github.com/dotnet-architecture/eShopOnContainers/workflows/payment-api/badge.svg?branch=dev)](https://github.com/dotnet-architecture/eShopOnContainers/actions?query=workflow%3Apayment-api)  
,https://github.com/dotnet-architecture/eShopOnContainers/workflows/webshoppingagg/badge.svg,https://github.com/dotnet-architecture/eShopOnContainers/actions?query=workflow%3Awebshoppingagg ,,Shopping Aggregator (Web)  [![Web Shopping Aggregator](https://github.com/dotnet-architecture/eShopOnContainers/workflows/webshoppingagg/badge.svg)](https://github.com/dotnet-architecture/eShopOnContainers/actions?query=workflow%3Awebshoppingagg) 
,https://github.com/dotnet-architecture/eShopOnContainers/workflows/mobileshoppingagg/badge.svg?branch=dev,https://github.com/dotnet-architecture/eShopOnContainers/actions?query=workflow%3Amobileshoppingagg ,,Shopping Aggregator (Mobile)  [![Mobile Shopping Aggregator](https://github.com/dotnet-architecture/eShopOnContainers/workflows/mobileshoppingagg/badge.svg?branch=dev)](https://github.com/dotnet-architecture/eShopOnContainers/actions?query=workflow%3Amobileshoppingagg) 
,https://github.com/dotnet-architecture/eShopOnContainers/workflows/webmvc/badge.svg?branch=dev,https://github.com/dotnet-architecture/eShopOnContainers/actions?query=workflow%3Awebmvc ,,Web Client (MVC)  [![WebMVC Client](https://github.com/dotnet-architecture/eShopOnContainers/workflows/webmvc/badge.svg?branch=dev)](https://github.com/dotnet-architecture/eShopOnContainers/actions?query=workflow%3Awebmvc) 
,https://github.com/dotnet-architecture/eShopOnContainers/workflows/webspa/badge.svg?branch=dev,https://github.com/dotnet-architecture/eShopOnContainers/actions?query=workflow%3Awebspa ,,Web Client (SPA)  [![WebSPA Client](https://github.com/dotnet-architecture/eShopOnContainers/workflows/webspa/badge.svg?branch=dev)](https://github.com/dotnet-architecture/eShopOnContainers/actions?query=workflow%3Awebspa) 
,https://github.com/dotnet-architecture/eShopOnContainers/workflows/webhooks-client/badge.svg,https://github.com/dotnet-architecture/eShopOnContainers/actions?query=workflow%3Awebhooks-client ,,Webhooks Client  [![Webhooks demo client](https://github.com/dotnet-architecture/eShopOnContainers/workflows/webhooks-client/badge.svg)](https://github.com/dotnet-architecture/eShopOnContainers/actions?query=workflow%3Awebhooks-client) 
,https://github.com/dotnet-architecture/eShopOnContainers/workflows/ordering-signalrhub/badge.svg,https://github.com/dotnet-architecture/eShopOnContainers/actions?query=workflow%3Aordering-signalrhub  ,,Ordering SignalR  [![Ordering SignalR](https://github.com/dotnet-architecture/eShopOnContainers/workflows/ordering-signalrhub/badge.svg)](https://github.com/dotnet-architecture/eShopOnContainers/actions?query=workflow%3Aordering-signalrhub)  